{"stats":{"minecraft:broken":{"minecraft:stone_axe":1,"minecraft:iron_axe":2},"minecraft:used":{"minecraft:chest":14,"minecraft:shield":22,"minecraft:jungle_planks":68,"minecraft:carrot":6,"minecraft:jungle_slab":6,"minecraft:hay_block":9,"minecraft:furnace":1,"minecraft:stone_pickaxe":84,"minecraft:oak_planks":31,"minecraft:wooden_pickaxe":5,"minecraft:sugar_cane":1,"minecraft:white_wool":3,"minecraft:golden_apple":1,"minecraft:black_bed":3,"minecraft:shears":17,"minecraft:lever":4,"minecraft:melon_slice":1,"minecraft:bread":67,"minecraft:string":42,"minecraft:lectern":50,"minecraft:gravel":4,"minecraft:grindstone":1,"minecraft:oak_boat":4,"minecraft:oak_trapdoor":4,"minecraft:oak_fence":1,"minecraft:stone_sword":95,"minecraft:flint_and_steel":2,"minecraft:stone_hoe":70,"minecraft:netherrack":41,"minecraft:torch":67,"minecraft:dirt":61,"minecraft:anvil":1,"minecraft:hopper":6,"minecraft:cod_bucket":1,"minecraft:jungle_trapdoor":11,"minecraft:bookshelf":7,"minecraft:iron_axe":424,"minecraft:barrel":1,"minecraft:tripwire_hook":6,"minecraft:golden_carrot":10,"minecraft:cobbled_deepslate":73,"minecraft:water_bucket":28,"minecraft:cartography_table":1,"minecraft:cauldron":1,"minecraft:cobblestone_slab":4,"minecraft:polished_blackstone_bricks":139,"minecraft:oak_slab":6,"minecraft:crafting_table":15,"minecraft:white_bed":8,"minecraft:diamond_pickaxe":929,"minecraft:diamond_shovel":1107,"minecraft:cracked_polished_blackstone_bricks":29,"minecraft:iron_pickaxe":26,"minecraft:stone_axe":145,"minecraft:cobblestone":85,"minecraft:bucket":31,"minecraft:splash_potion":1},"minecraft:dropped":{"minecraft:soul_sand":15,"minecraft:porkchop":4,"minecraft:glow_ink_sac":3,"minecraft:crafting_table":2,"minecraft:crossbow":1,"minecraft:jungle_planks":12,"minecraft:flint":2,"minecraft:emerald":518,"minecraft:dirt":8,"minecraft:mutton":5,"minecraft:gilded_blackstone":2,"minecraft:bone_block":43,"minecraft:iron_pickaxe":5,"minecraft:fishing_rod":1,"minecraft:gold_ingot":8,"minecraft:cauldron":2,"minecraft:bone":4,"minecraft:gravel":8,"minecraft:stone_axe":20,"minecraft:compass":1,"minecraft:blackstone":43,"minecraft:mangrove_roots":4,"minecraft:golden_chestplate":1,"minecraft:cobbled_deepslate":128,"minecraft:nether_brick":6,"minecraft:obsidian":1,"minecraft:rotten_flesh":10,"minecraft:oak_planks":1,"minecraft:diamond_shovel":8,"minecraft:poppy":10,"minecraft:melon_seeds":2,"minecraft:chest":2,"minecraft:leather_leggings":1,"minecraft:basalt":4,"minecraft:arrow":6,"minecraft:campfire":7,"minecraft:netherrack":25,"minecraft:golden_boots":2,"minecraft:water_bucket":3,"minecraft:stone_hoe":20,"minecraft:iron_ingot":15,"minecraft:bread":31,"minecraft:oak_slab":2,"minecraft:wheat_seeds":16,"minecraft:smithing_table":2,"minecraft:granite":1,"minecraft:coal":14,"minecraft:stick":13,"minecraft:wooden_axe":1,"minecraft:fire_charge":1,"minecraft:iron_axe":1,"minecraft:smooth_stone":2,"minecraft:iron_shovel":6,"minecraft:string":66,"minecraft:furnace":1,"minecraft:moss_carpet":1,"minecraft:stone_sword":2,"minecraft:tuff":7,"minecraft:hay_block":47,"minecraft:diamond_pickaxe":4,"minecraft:andesite":1,"minecraft:golden_leggings":2,"minecraft:oak_sapling":1,"minecraft:bow":1,"minecraft:stone_pickaxe":2,"minecraft:magma_cream":2},"minecraft:mined":{"minecraft:white_bed":5,"minecraft:jungle_slab":4,"minecraft:jungle_leaves":2,"minecraft:brewing_stand":1,"minecraft:obsidian":15,"minecraft:granite":1,"minecraft:acacia_log":17,"minecraft:grass_block":26,"minecraft:jungle_log":44,"minecraft:cracked_polished_blackstone_bricks":49,"minecraft:hopper":2,"minecraft:spawner":4,"minecraft:gilded_blackstone":1,"minecraft:smooth_stone":2,"minecraft:polished_blackstone_bricks":143,"minecraft:barrel":1,"minecraft:iron_ore":37,"minecraft:fire":16,"minecraft:deepslate_lapis_ore":6,"minecraft:dirt_path":1,"minecraft:water_cauldron":2,"minecraft:tripwire":10,"minecraft:jungle_trapdoor":1,"minecraft:deepslate_redstone_ore":18,"minecraft:blackstone":17,"minecraft:soul_fire":5,"minecraft:melon":7,"minecraft:cobblestone":21,"minecraft:oak_planks":10,"minecraft:grindstone":1,"minecraft:sugar_cane":1,"minecraft:cauldron":1,"minecraft:black_bed":2,"minecraft:oak_log":17,"minecraft:sand":1095,"minecraft:dirt":34,"minecraft:netherrack":124,"minecraft:oak_leaves":28,"minecraft:deepslate":162,"minecraft:tuff":7,"minecraft:deepslate_diamond_ore":69,"minecraft:mangrove_roots":4,"minecraft:jungle_planks":53,"minecraft:cartography_table":1,"minecraft:hay_block":74,"minecraft:oak_trapdoor":2,"minecraft:andesite":1,"minecraft:gold_block":32,"minecraft:bookshelf":7,"minecraft:vine":10,"minecraft:deepslate_iron_ore":15,"minecraft:cobblestone_slab":4,"minecraft:stone":133,"minecraft:bone_block":39,"minecraft:oak_slab":1,"minecraft:acacia_leaves":1,"minecraft:soul_sand":5,"minecraft:basalt":4,"minecraft:oak_fence":4,"minecraft:crafting_table":12,"minecraft:short_grass":10,"minecraft:lectern":48,"minecraft:tall_grass":4,"minecraft:deepslate_gold_ore":15,"minecraft:diorite":1,"minecraft:coal_ore":108,"minecraft:gravel":19,"minecraft:cobweb":11,"minecraft:fern":4},"minecraft:crafted":{"minecraft:black_dye":2,"minecraft:oak_planks":172,"minecraft:diamond_shovel":7,"minecraft:lever":2,"minecraft:bookshelf":10,"minecraft:hopper":4,"minecraft:diamond_helmet":1,"minecraft:diamond_leggings":1,"minecraft:chest":18,"minecraft:cod_bucket":1,"minecraft:black_wool":2,"minecraft:stone_hoe":11,"minecraft:oak_slab":18,"minecraft:emerald":1455,"minecraft:crafting_table":6,"minecraft:wooden_pickaxe":1,"minecraft:smithing_table":2,"minecraft:lectern":3,"minecraft:book":3,"minecraft:paper":9,"minecraft:diamond_pickaxe":4,"minecraft:emerald_block":44,"minecraft:shield":1,"minecraft:stick":44,"minecraft:iron_ingot":11,"minecraft:iron_pickaxe":4,"minecraft:iron_block":1,"minecraft:stone_sword":1,"minecraft:gold_ingot":18,"minecraft:black_bed":1,"minecraft:shears":1,"minecraft:tripwire_hook":4,"minecraft:furnace":1,"minecraft:jungle_trapdoor":10,"minecraft:oak_trapdoor":2,"minecraft:flint_and_steel":1,"minecraft:lantern":12,"minecraft:iron_axe":4,"minecraft:stone_pickaxe":1,"minecraft:diamond_boots":1,"minecraft:wheat":162,"minecraft:bucket":2,"minecraft:stone_axe":12,"minecraft:enchanted_book":16,"minecraft:jungle_slab":6,"minecraft:bread":54,"minecraft:air":0,"minecraft:jungle_planks":176,"minecraft:oak_boat":2,"minecraft:white_wool":6,"minecraft:iron_shovel":3,"minecraft:anvil":1,"minecraft:white_bed":2,"minecraft:torch":76,"minecraft:diamond_chestplate":1},"minecraft:picked_up":{"minecraft:wooden_axe":1,"minecraft:gilded_blackstone":1,"minecraft:nether_brick":10,"minecraft:brewing_stand":1,"minecraft:string":18363,"minecraft:cobbled_deepslate":211,"minecraft:smooth_stone":2,"minecraft:bucket":1,"minecraft:cobblestone_slab":4,"minecraft:netherite_upgrade_smithing_template":2,"minecraft:iron_pickaxe":3,"minecraft:melon_slice":34,"minecraft:furnace":1,"minecraft:stick":11,"minecraft:oak_fence":2,"minecraft:torch":2,"minecraft:acacia_log":17,"minecraft:porkchop":7,"minecraft:golden_chestplate":1,"minecraft:cauldron":3,"minecraft:stone_sword":1,"minecraft:rotten_flesh":13,"minecraft:iron_block":2,"minecraft:mangrove_roots":4,"minecraft:obsidian":24,"minecraft:cobblestone":174,"minecraft:andesite":1,"minecraft:magma_cream":2,"minecraft:water_bucket":2,"minecraft:jungle_log":44,"minecraft:black_bed":2,"minecraft:golden_leggings":3,"minecraft:flint":3,"minecraft:tuff":7,"minecraft:lapis_lazuli":40,"minecraft:dirt":116,"minecraft:name_tag":2,"minecraft:bone":6,"minecraft:acacia_planks":1,"minecraft:bow":1,"minecraft:wheat_seeds":17,"minecraft:raw_gold":14,"minecraft:grindstone":1,"minecraft:diamond_helmet":1,"minecraft:stone_hoe":10,"minecraft:oak_planks":34,"minecraft:jungle_planks":75,"minecraft:sand":1088,"minecraft:ink_sac":2,"minecraft:spectral_arrow":24,"minecraft:jungle_slab":6,"minecraft:barrel":1,"minecraft:snout_armor_trim_smithing_template":2,"minecraft:diamond":69,"minecraft:lever":2,"minecraft:cracked_polished_blackstone_bricks":69,"minecraft:crossbow":1,"minecraft:granite":1,"minecraft:emerald":53,"minecraft:bread":44,"minecraft:piglin_banner_pattern":1,"minecraft:oak_sapling":1,"minecraft:netherrack":113,"minecraft:diamond_pickaxe":2,"minecraft:charcoal":7,"minecraft:fishing_rod":1,"minecraft:cocoa_beans":3,"minecraft:crafting_table":15,"minecraft:splash_potion":2,"minecraft:leather_leggings":1,"minecraft:gold_block":66,"minecraft:shield":1,"minecraft:jungle_trapdoor":1,"minecraft:oak_trapdoor":2,"minecraft:moss_carpet":1,"minecraft:iron_axe":1,"minecraft:flint_and_steel":1,"minecraft:netherite_scrap":1,"minecraft:compass":1,"minecraft:iron_shovel":3,"minecraft:blackstone":76,"minecraft:cartography_table":1,"minecraft:beef":23,"minecraft:oak_boat":5,"minecraft:poppy":11,"minecraft:lectern":48,"minecraft:sugar_cane":2,"minecraft:chest":2,"minecraft:raw_iron":52,"minecraft:fire_charge":2,"minecraft:polished_blackstone_bricks":139,"minecraft:redstone":106,"minecraft:arrow":8,"minecraft:diamond_chestplate":1,"minecraft:hay_block":104,"minecraft:saddle":1,"minecraft:gold_ingot":14,"minecraft:mutton":18,"minecraft:bone_block":81,"minecraft:white_wool":9,"minecraft:basalt":4,"minecraft:golden_carrot":15,"minecraft:tripwire_hook":2,"minecraft:glow_ink_sac":3,"minecraft:leather":18,"minecraft:oak_log":43,"minecraft:golden_boots":2,"minecraft:gunpowder":1,"minecraft:iron_ingot":89,"minecraft:stone_pickaxe":1,"minecraft:soul_sand":20,"minecraft:book":21,"minecraft:oak_slab":2,"minecraft:gravel":15,"minecraft:white_bed":6,"minecraft:spider_eye":3,"minecraft:diamond_shovel":5,"minecraft:stone_axe":9,"minecraft:campfire":7,"minecraft:black_wool":1,"minecraft:melon_seeds":2,"minecraft:coal":108,"minecraft:hopper":2,"minecraft:ender_pearl":8},"minecraft:custom":{"minecraft:interact_with_crafting_table":59,"minecraft:open_barrel":3,"minecraft:bell_ring":17,"minecraft:leave_game":10,"minecraft:time_since_death":108392,"minecraft:sprint_one_cm":893260,"minecraft:damage_blocked_by_shield":825,"minecraft:drop":177,"minecraft:talked_to_villager":348,"minecraft:play_time":297093,"minecraft:deaths":1,"minecraft:jump":7266,"minecraft:walk_on_water_one_cm":47422,"minecraft:interact_with_furnace":20,"minecraft:traded_with_villager":1103,"minecraft:sleep_in_bed":19,"minecraft:damage_dealt":33610,"minecraft:crouch_one_cm":49883,"minecraft:horse_one_cm":29397,"minecraft:interact_with_smithing_table":1,"minecraft:mob_kills":108,"minecraft:interact_with_anvil":13,"minecraft:inspect_hopper":42,"minecraft:climb_one_cm":4068,"minecraft:walk_one_cm":528470,"minecraft:sneak_time":19915,"minecraft:walk_under_water_one_cm":16528,"minecraft:boat_one_cm":8487,"minecraft:total_world_time":297093,"minecraft:interact_with_grindstone":2,"minecraft:time_since_rest":936,"minecraft:damage_taken":2341,"minecraft:damage_absorbed":40,"minecraft:swim_one_cm":38966,"minecraft:fly_one_cm":1593050,"minecraft:open_chest":400,"minecraft:fall_one_cm":179967},"minecraft:killed":{"minecraft:cave_spider":2,"minecraft:spider":4,"minecraft:skeleton":11,"minecraft:piglin_brute":6,"minecraft:cat":1,"minecraft:magma_cube":13,"minecraft:piglin":4,"minecraft:pig":3,"minecraft:iron_golem":21,"minecraft:creeper":1,"minecraft:sheep":10,"minecraft:zombie":13,"minecraft:ghast":1,"minecraft:cow":14,"minecraft:squid":1}},"DataVersion":3953}