{"stats":{"minecraft:mined":{"minecraft:birch_log":7,"minecraft:oak_leaves":1},"minecraft:custom":{"minecraft:jump":73,"minecraft:time_since_rest":2398,"minecraft:leave_game":1,"minecraft:crouch_one_cm":126,"minecraft:damage_taken":50,"minecraft:sprint_one_cm":11695,"minecraft:play_time":2398,"minecraft:time_since_death":2398,"minecraft:walk_one_cm":4584,"minecraft:sneak_time":22,"minecraft:total_world_time":2398,"minecraft:fall_one_cm":2793,"minecraft:fly_one_cm":12528},"minecraft:picked_up":{"minecraft:stick":1,"minecraft:apple":1,"minecraft:birch_log":7},"minecraft:crafted":{"minecraft:birch_planks":28,"minecraft:crafting_table":1,"minecraft:stick":4}},"DataVersion":3953}