{"stats":{"minecraft:mined":{"minecraft:furnace":2,"minecraft:iron_ore":21,"minecraft:birch_log":14,"minecraft:crafting_table":4,"minecraft:grass_block":2,"minecraft:coal_ore":30,"minecraft:dirt":5,"minecraft:stone":39,"minecraft:sugar_cane":1,"minecraft:diorite":2,"minecraft:oak_leaves":1},"minecraft:used":{"minecraft:water_bucket":8,"minecraft:apple":1,"minecraft:stone_pickaxe":91,"minecraft:birch_boat":1,"minecraft:wooden_pickaxe":3,"minecraft:stone_axe":26,"minecraft:cobblestone":3,"minecraft:crafting_table":4,"minecraft:furnace":2,"minecraft:cooked_porkchop":2,"minecraft:bucket":9},"minecraft:custom":{"minecraft:time_since_rest":574,"minecraft:interact_with_furnace":12,"minecraft:sprint_one_cm":61308,"minecraft:damage_taken":315,"minecraft:walk_one_cm":23011,"minecraft:mob_kills":11,"minecraft:damage_dealt":1050,"minecraft:interact_with_crafting_table":7,"minecraft:swim_one_cm":16580,"minecraft:fly_one_cm":85073,"minecraft:crouch_one_cm":1317,"minecraft:play_time":16305,"minecraft:deaths":1,"minecraft:sneak_time":427,"minecraft:walk_under_water_one_cm":4835,"minecraft:boat_one_cm":7790,"minecraft:jump":504,"minecraft:leave_game":2,"minecraft:time_since_death":455,"minecraft:walk_on_water_one_cm":4290,"minecraft:total_world_time":16305,"minecraft:fall_one_cm":13524},"minecraft:picked_up":{"minecraft:birch_log":14,"minecraft:raw_iron":21,"minecraft:stick":1,"minecraft:crafting_table":4,"minecraft:birch_boat":1,"minecraft:porkchop":6,"minecraft:diorite":2,"minecraft:dirt":7,"minecraft:rotten_flesh":1,"minecraft:apple":1,"minecraft:gray_wool":1,"minecraft:sugar_cane":3,"minecraft:mutton":13,"minecraft:coal":87,"minecraft:white_wool":6,"minecraft:cobblestone":39,"minecraft:furnace":2},"minecraft:killed":{"minecraft:sheep":7,"minecraft:zombie":1,"minecraft:pig":3},"minecraft:crafted":{"minecraft:cooked_porkchop":6,"minecraft:crafting_table":1,"minecraft:stick":8,"minecraft:iron_ingot":6,"minecraft:birch_boat":1,"minecraft:wooden_pickaxe":1,"minecraft:stone_pickaxe":1,"minecraft:furnace":1,"minecraft:bucket":1,"minecraft:birch_planks":28,"minecraft:stone_axe":1,"minecraft:air":0}},"DataVersion":3953}