{"stats":{"minecraft:dropped":{"minecraft:bread":31,"minecraft:soul_sand":15,"minecraft:wheat_seeds":5,"minecraft:glow_ink_sac":3,"minecraft:smithing_table":2,"minecraft:crafting_table":2,"minecraft:crossbow":1,"minecraft:granite":1,"minecraft:jungle_planks":12,"minecraft:coal":14,"minecraft:flint":2,"minecraft:stick":11,"minecraft:emerald":518,"minecraft:dirt":8,"minecraft:mutton":1,"minecraft:wooden_axe":1,"minecraft:fire_charge":1,"minecraft:bone_block":43,"minecraft:gilded_blackstone":2,"minecraft:iron_axe":1,"minecraft:iron_pickaxe":5,"minecraft:smooth_stone":1,"minecraft:iron_shovel":6,"minecraft:string":65,"minecraft:fishing_rod":1,"minecraft:gold_ingot":8,"minecraft:gravel":8,"minecraft:blackstone":43,"minecraft:furnace":1,"minecraft:stone_axe":20,"minecraft:compass":1,"minecraft:golden_chestplate":1,"minecraft:stone_sword":2,"minecraft:cobbled_deepslate":128,"minecraft:nether_brick":6,"minecraft:tuff":7,"minecraft:rotten_flesh":10,"minecraft:oak_planks":1,"minecraft:diamond_shovel":8,"minecraft:poppy":8,"minecraft:hay_block":47,"minecraft:diamond_pickaxe":4,"minecraft:andesite":1,"minecraft:golden_leggings":2,"minecraft:chest":2,"minecraft:oak_sapling":1,"minecraft:leather_leggings":1,"minecraft:basalt":4,"minecraft:arrow":3,"minecraft:campfire":7,"minecraft:stone_pickaxe":2,"minecraft:golden_boots":2,"minecraft:netherrack":25,"minecraft:stone_hoe":20,"minecraft:iron_ingot":6,"minecraft:water_bucket":3},"minecraft:used":{"minecraft:oak_fence":1,"minecraft:oak_trapdoor":4,"minecraft:stone_sword":95,"minecraft:flint_and_steel":2,"minecraft:chest":13,"minecraft:shield":22,"minecraft:stone_hoe":70,"minecraft:netherrack":41,"minecraft:torch":66,"minecraft:dirt":61,"minecraft:hopper":6,"minecraft:jungle_planks":68,"minecraft:carrot":6,"minecraft:jungle_slab":6,"minecraft:cod_bucket":1,"minecraft:jungle_trapdoor":11,"minecraft:iron_axe":270,"minecraft:barrel":1,"minecraft:tripwire_hook":6,"minecraft:golden_carrot":3,"minecraft:hay_block":9,"minecraft:furnace":1,"minecraft:cobbled_deepslate":73,"minecraft:water_bucket":28,"minecraft:stone_pickaxe":84,"minecraft:oak_planks":25,"minecraft:wooden_pickaxe":5,"minecraft:polished_blackstone_bricks":139,"minecraft:white_wool":3,"minecraft:golden_apple":1,"minecraft:crafting_table":11,"minecraft:white_bed":8,"minecraft:shears":17,"minecraft:lever":4,"minecraft:diamond_pickaxe":890,"minecraft:diamond_shovel":12,"minecraft:cracked_polished_blackstone_bricks":29,"minecraft:bread":55,"minecraft:melon_slice":1,"minecraft:string":34,"minecraft:iron_pickaxe":26,"minecraft:gravel":4,"minecraft:stone_axe":145,"minecraft:cobblestone":62,"minecraft:bucket":31,"minecraft:splash_potion":1,"minecraft:oak_boat":4},"minecraft:mined":{"minecraft:tuff":7,"minecraft:white_bed":5,"minecraft:deepslate_diamond_ore":69,"minecraft:jungle_slab":4,"minecraft:jungle_leaves":2,"minecraft:obsidian":15,"minecraft:granite":1,"minecraft:acacia_log":9,"minecraft:grass_block":26,"minecraft:jungle_planks":53,"minecraft:jungle_log":44,"minecraft:cracked_polished_blackstone_bricks":49,"minecraft:hopper":2,"minecraft:gilded_blackstone":1,"minecraft:spawner":4,"minecraft:hay_block":74,"minecraft:smooth_stone":1,"minecraft:polished_blackstone_bricks":143,"minecraft:oak_trapdoor":2,"minecraft:fire":15,"minecraft:iron_ore":37,"minecraft:barrel":1,"minecraft:andesite":1,"minecraft:deepslate_lapis_ore":6,"minecraft:gold_block":31,"minecraft:dirt_path":1,"minecraft:deepslate_iron_ore":15,"minecraft:vine":10,"minecraft:stone":133,"minecraft:bone_block":39,"minecraft:tripwire":5,"minecraft:jungle_trapdoor":1,"minecraft:deepslate_redstone_ore":18,"minecraft:soul_sand":5,"minecraft:blackstone":17,"minecraft:soul_fire":5,"minecraft:basalt":4,"minecraft:oak_fence":4,"minecraft:crafting_table":9,"minecraft:short_grass":10,"minecraft:melon":7,"minecraft:tall_grass":2,"minecraft:cobblestone":16,"minecraft:deepslate_gold_ore":15,"minecraft:grindstone":1,"minecraft:oak_planks":8,"minecraft:diorite":1,"minecraft:oak_log":17,"minecraft:coal_ore":108,"minecraft:gravel":19,"minecraft:dirt":34,"minecraft:cobweb":11,"minecraft:netherrack":100,"minecraft:oak_leaves":28,"minecraft:deepslate":162,"minecraft:fern":4},"minecraft:crafted":{"minecraft:oak_planks":172,"minecraft:tripwire_hook":4,"minecraft:furnace":1,"minecraft:jungle_trapdoor":10,"minecraft:lever":2,"minecraft:diamond_shovel":7,"minecraft:flint_and_steel":1,"minecraft:oak_trapdoor":2,"minecraft:hopper":4,"minecraft:iron_axe":3,"minecraft:stone_pickaxe":1,"minecraft:chest":17,"minecraft:cod_bucket":1,"minecraft:stone_hoe":11,"minecraft:wheat":162,"minecraft:emerald":526,"minecraft:crafting_table":4,"minecraft:wooden_pickaxe":1,"minecraft:smithing_table":2,"minecraft:bucket":2,"minecraft:stone_axe":12,"minecraft:jungle_slab":6,"minecraft:bread":54,"minecraft:air":0,"minecraft:jungle_planks":176,"minecraft:oak_boat":2,"minecraft:white_wool":6,"minecraft:diamond_pickaxe":4,"minecraft:shield":1,"minecraft:stick":40,"minecraft:iron_ingot":11,"minecraft:iron_pickaxe":4,"minecraft:stone_sword":1,"minecraft:iron_shovel":3,"minecraft:gold_ingot":18,"minecraft:white_bed":2,"minecraft:torch":76,"minecraft:shears":1},"minecraft:broken":{"minecraft:iron_axe":1,"minecraft:stone_axe":1},"minecraft:picked_up":{"minecraft:wooden_axe":1,"minecraft:charcoal":7,"minecraft:fishing_rod":1,"minecraft:cocoa_beans":3,"minecraft:crafting_table":12,"minecraft:splash_potion":2,"minecraft:leather_leggings":1,"minecraft:gold_block":65,"minecraft:gilded_blackstone":1,"minecraft:nether_brick":10,"minecraft:shield":1,"minecraft:string":17063,"minecraft:jungle_trapdoor":1,"minecraft:oak_trapdoor":2,"minecraft:iron_axe":1,"minecraft:flint_and_steel":1,"minecraft:netherite_scrap":1,"minecraft:compass":1,"minecraft:iron_shovel":3,"minecraft:blackstone":76,"minecraft:cobbled_deepslate":211,"minecraft:smooth_stone":1,"minecraft:bucket":1,"minecraft:beef":23,"minecraft:oak_boat":5,"minecraft:netherite_upgrade_smithing_template":2,"minecraft:poppy":9,"minecraft:iron_pickaxe":3,"minecraft:melon_slice":34,"minecraft:chest":2,"minecraft:furnace":1,"minecraft:stick":11,"minecraft:raw_iron":52,"minecraft:oak_fence":2,"minecraft:torch":1,"minecraft:acacia_log":9,"minecraft:fire_charge":2,"minecraft:porkchop":3,"minecraft:polished_blackstone_bricks":139,"minecraft:redstone":106,"minecraft:golden_chestplate":1,"minecraft:diamond_chestplate":1,"minecraft:rotten_flesh":13,"minecraft:stone_sword":1,"minecraft:arrow":5,"minecraft:hay_block":104,"minecraft:iron_block":2,"minecraft:saddle":1,"minecraft:gold_ingot":14,"minecraft:mutton":14,"minecraft:obsidian":24,"minecraft:bone_block":81,"minecraft:cobblestone":169,"minecraft:white_wool":7,"minecraft:golden_carrot":15,"minecraft:basalt":4,"minecraft:jungle_log":44,"minecraft:glow_ink_sac":3,"minecraft:tripwire_hook":2,"minecraft:water_bucket":2,"minecraft:andesite":1,"minecraft:leather":18,"minecraft:golden_leggings":3,"minecraft:flint":3,"minecraft:tuff":7,"minecraft:oak_log":43,"minecraft:golden_boots":2,"minecraft:gunpowder":1,"minecraft:lapis_lazuli":40,"minecraft:dirt":116,"minecraft:name_tag":2,"minecraft:bone":2,"minecraft:acacia_planks":1,"minecraft:wheat_seeds":6,"minecraft:raw_gold":14,"minecraft:stone_pickaxe":1,"minecraft:iron_ingot":72,"minecraft:grindstone":1,"minecraft:diamond_helmet":1,"minecraft:soul_sand":20,"minecraft:stone_hoe":10,"minecraft:oak_planks":32,"minecraft:gravel":15,"minecraft:jungle_planks":75,"minecraft:spectral_arrow":24,"minecraft:white_bed":6,"minecraft:barrel":1,"minecraft:jungle_slab":6,"minecraft:spider_eye":3,"minecraft:diamond_shovel":5,"minecraft:snout_armor_trim_smithing_template":2,"minecraft:diamond":69,"minecraft:stone_axe":9,"minecraft:campfire":7,"minecraft:lever":2,"minecraft:cracked_polished_blackstone_bricks":69,"minecraft:crossbow":1,"minecraft:granite":1,"minecraft:piglin_banner_pattern":1,"minecraft:emerald":53,"minecraft:bread":44,"minecraft:ender_pearl":8,"minecraft:netherrack":82,"minecraft:oak_sapling":1,"minecraft:coal":108,"minecraft:hopper":2,"minecraft:diamond_pickaxe":2},"minecraft:custom":{"minecraft:mob_kills":78,"minecraft:inspect_hopper":33,"minecraft:interact_with_crafting_table":44,"minecraft:bell_ring":11,"minecraft:leave_game":8,"minecraft:time_since_death":21592,"minecraft:climb_one_cm":2725,"minecraft:sprint_one_cm":638549,"minecraft:walk_one_cm":358682,"minecraft:damage_blocked_by_shield":825,"minecraft:drop":158,"minecraft:talked_to_villager":116,"minecraft:deaths":1,"minecraft:play_time":210293,"minecraft:sneak_time":18433,"minecraft:walk_under_water_one_cm":15682,"minecraft:boat_one_cm":8487,"minecraft:jump":4970,"minecraft:walk_on_water_one_cm":41682,"minecraft:total_world_time":210293,"minecraft:interact_with_furnace":15,"minecraft:traded_with_villager":565,"minecraft:interact_with_grindstone":1,"minecraft:sleep_in_bed":11,"minecraft:time_since_rest":8395,"minecraft:damage_taken":1962,"minecraft:damage_absorbed":40,"minecraft:damage_dealt":27565,"minecraft:swim_one_cm":26711,"minecraft:fly_one_cm":974047,"minecraft:open_chest":225,"minecraft:crouch_one_cm":44915,"minecraft:interact_with_smithing_table":1,"minecraft:fall_one_cm":114302},"minecraft:killed":{"minecraft:cave_spider":2,"minecraft:spider":3,"minecraft:skeleton":8,"minecraft:piglin_brute":6,"minecraft:cat":1,"minecraft:magma_cube":1,"minecraft:piglin":2,"minecraft:pig":1,"minecraft:iron_golem":17,"minecraft:creeper":1,"minecraft:sheep":7,"minecraft:zombie":13,"minecraft:cow":14}},"DataVersion":3953}