{"stats":{"minecraft:crafted":{"minecraft:cookie":684,"minecraft:oak_planks":236,"minecraft:cobblestone_slab":36,"minecraft:stone_shovel":10,"minecraft:oak_sign":6,"minecraft:bone_meal":39,"minecraft:diamond_shovel":1,"minecraft:hopper":2,"minecraft:iron_axe":1,"minecraft:stone_pickaxe":1,"minecraft:chest":14,"minecraft:stone_hoe":3,"minecraft:wheat":378,"minecraft:red_dye":1,"minecraft:emerald":206,"minecraft:crafting_table":1,"minecraft:wooden_pickaxe":1,"minecraft:red_bed":1,"minecraft:bucket":2,"minecraft:birch_planks":56,"minecraft:stone_axe":2,"minecraft:bread":876,"minecraft:white_wool":77,"minecraft:diamond_pickaxe":1,"minecraft:stick":44,"minecraft:white_bed":23},"minecraft:broken":{"minecraft:stone_hoe":2,"minecraft:stone_pickaxe":1,"minecraft:shield":1,"minecraft:stone_axe":1,"minecraft:stone_shovel":10},"minecraft:mined":{"minecraft:farmland":2,"minecraft:white_bed":3,"minecraft:oak_sapling":1,"minecraft:brewing_stand":2,"minecraft:grass_block":934,"minecraft:redstone_wire":6,"minecraft:composter":4,"minecraft:hopper":7,"minecraft:oak_wall_sign":8,"minecraft:oxeye_daisy":2,"minecraft:large_fern":2,"minecraft:hay_block":43,"minecraft:oak_trapdoor":10,"minecraft:carrots":160,"minecraft:azure_bluet":65,"minecraft:bell":2,"minecraft:bookshelf":4,"minecraft:potatoes":5,"minecraft:cobblestone_slab":17,"minecraft:water_cauldron":4,"minecraft:dirt_path":107,"minecraft:stone":102,"minecraft:tripwire":7,"minecraft:dandelion":38,"minecraft:crafting_table":2,"minecraft:torch":2,"minecraft:short_grass":416,"minecraft:poppy":1,"minecraft:chest":5,"minecraft:lectern":1,"minecraft:cobblestone":5,"minecraft:tall_grass":37,"minecraft:diorite":23,"minecraft:cauldron":2,"minecraft:white_terracotta":5,"minecraft:repeater":2,"minecraft:birch_log":26,"minecraft:redstone_torch":1,"minecraft:wheat":15,"minecraft:birch_leaves":7,"minecraft:oak_log":62,"minecraft:beetroots":1,"minecraft:dripstone_block":2,"minecraft:sand":10,"minecraft:dirt":668,"minecraft:dispenser":3,"minecraft:oak_leaves":11},"minecraft:dropped":{"minecraft:bread":1052,"minecraft:iron_ingot":5,"minecraft:wheat_seeds":115,"minecraft:dripstone_block":2,"minecraft:cobblestone":16,"minecraft:stick":1,"minecraft:oxeye_daisy":1,"minecraft:diorite":11,"minecraft:dispenser":1,"minecraft:torch":1,"minecraft:cornflower":1,"minecraft:rabbit":1,"minecraft:string":221,"minecraft:birch_log":1,"minecraft:bucket":1,"minecraft:dandelion":1,"minecraft:bone":1,"minecraft:bowl":2,"minecraft:composter":1,"minecraft:pointed_dripstone":1,"minecraft:oak_planks":64,"minecraft:azure_bluet":44,"minecraft:white_bed":2,"minecraft:poppy":3,"minecraft:cobblestone_slab":2,"minecraft:hopper":1,"minecraft:arrow":2},"minecraft:killed_by":{"minecraft:player":2,"minecraft:creeper":3,"minecraft:skeleton":1,"minecraft:zombie":1},"minecraft:used":{"minecraft:oak_trapdoor":1,"minecraft:iron_shovel":184,"minecraft:stone_shovel":1474,"minecraft:dispenser":2,"minecraft:oak_sign":10,"minecraft:chest":14,"minecraft:shield":31,"minecraft:white_terracotta":1,"minecraft:bell":1,"minecraft:stone_hoe":368,"minecraft:brewing_stand":1,"minecraft:dirt":521,"minecraft:hopper":7,"minecraft:carrot":473,"minecraft:axolotl_bucket":1,"minecraft:iron_axe":42,"minecraft:oak_sapling":1,"minecraft:wheat_seeds":2,"minecraft:water_bucket":13,"minecraft:stone_pickaxe":178,"minecraft:wooden_pickaxe":22,"minecraft:composter":4,"minecraft:cauldron":2,"minecraft:cobblestone_slab":40,"minecraft:cookie":5,"minecraft:sand":8,"minecraft:crafting_table":3,"minecraft:red_bed":1,"minecraft:white_bed":25,"minecraft:dripstone_block":2,"minecraft:diamond_pickaxe":49,"minecraft:apple":8,"minecraft:diamond_shovel":204,"minecraft:bread":98,"minecraft:string":8,"minecraft:suspicious_stew":2,"minecraft:stone_axe":277,"minecraft:cobblestone":15,"minecraft:porkchop":3,"minecraft:bucket":13,"minecraft:birch_log":6,"minecraft:bone_meal":117},"minecraft:killed":{"minecraft:spider":1,"minecraft:skeleton":8,"minecraft:pig":2,"minecraft:iron_golem":7,"minecraft:creeper":1,"minecraft:pillager":1,"minecraft:zombie":6},"minecraft:picked_up":{"minecraft:charcoal":16,"minecraft:crafting_table":3,"minecraft:iron_chestplate":2,"minecraft:wheat":81,"minecraft:azure_bluet":139,"minecraft:suspicious_stew":4,"minecraft:wooden_pickaxe":1,"minecraft:diamond_sword":1,"minecraft:brewing_stand":3,"minecraft:shield":3,"minecraft:cornflower":1,"minecraft:oak_trapdoor":16,"minecraft:string":3665,"minecraft:iron_axe":1,"minecraft:iron_leggings":1,"minecraft:iron_shovel":3,"minecraft:oak_sign":4,"minecraft:diamond_leggings":2,"minecraft:spruce_planks":1,"minecraft:redstone_torch":1,"minecraft:cobblestone_slab":17,"minecraft:poppy":22,"minecraft:lectern":2,"minecraft:chest":5,"minecraft:stick":12,"minecraft:composter":5,"minecraft:torch":4,"minecraft:bowl":1,"minecraft:porkchop":3,"minecraft:cookie":295,"minecraft:pointed_dripstone":3,"minecraft:diorite":21,"minecraft:carrot":515,"minecraft:redstone":9,"minecraft:cauldron":6,"minecraft:stone_shovel":1,"minecraft:rotten_flesh":7,"minecraft:arrow":19,"minecraft:beetroot_seeds":2,"minecraft:shears":1,"minecraft:diamond_boots":1,"minecraft:hay_block":75,"minecraft:white_terracotta":9,"minecraft:cobblestone":147,"minecraft:oxeye_daisy":2,"minecraft:birch_log":35,"minecraft:repeater":2,"minecraft:water_bucket":2,"minecraft:potato":15,"minecraft:birch_planks":37,"minecraft:oak_log":67,"minecraft:gunpowder":2,"minecraft:dirt":2640,"minecraft:bone":22,"minecraft:apple":15,"minecraft:wheat_seeds":260,"minecraft:bell":2,"minecraft:stone_pickaxe":3,"minecraft:iron_ingot":64,"minecraft:rabbit":1,"minecraft:diamond_helmet":1,"minecraft:oak_planks":11,"minecraft:stone_hoe":3,"minecraft:book":12,"minecraft:dandelion":80,"minecraft:dripstone_block":4,"minecraft:sand":10,"minecraft:dropper":1,"minecraft:white_bed":5,"minecraft:diamond_shovel":1,"minecraft:dispenser":4,"minecraft:diamond":3,"minecraft:stone_axe":3,"minecraft:bone_meal":3,"minecraft:bread":402,"minecraft:emerald":11,"minecraft:oak_sapling":3,"minecraft:hopper":6,"minecraft:diamond_pickaxe":2},"minecraft:custom":{"minecraft:interact_with_smithing_table":1,"minecraft:inspect_dropper":2,"minecraft:mob_kills":26,"minecraft:interact_with_anvil":1,"minecraft:inspect_hopper":9,"minecraft:interact_with_crafting_table":53,"minecraft:bell_ring":33,"minecraft:leave_game":124,"minecraft:time_since_death":84562,"minecraft:sprint_one_cm":888039,"minecraft:walk_one_cm":558432,"minecraft:damage_blocked_by_shield":3171,"minecraft:drop":53,"minecraft:talked_to_villager":83,"minecraft:play_time":306663,"minecraft:deaths":8,"minecraft:sneak_time":8363,"minecraft:walk_under_water_one_cm":9125,"minecraft:jump":5689,"minecraft:walk_on_water_one_cm":50326,"minecraft:total_world_time":306663,"minecraft:interact_with_furnace":5,"minecraft:traded_with_villager":369,"minecraft:sleep_in_bed":17,"minecraft:time_since_rest":43607,"minecraft:damage_taken":5803,"minecraft:damage_dealt":10930,"minecraft:swim_one_cm":68955,"minecraft:fly_one_cm":1079162,"minecraft:open_chest":164,"minecraft:crouch_one_cm":27889,"minecraft:fall_one_cm":207095,"minecraft:inspect_dispenser":6}},"DataVersion":3953}