{"stats":{"minecraft:crafted":{"minecraft:golden_carrot":36,"minecraft:cookie":684,"minecraft:oak_planks":552,"minecraft:cobblestone_slab":60,"minecraft:stone_shovel":10,"minecraft:oak_sign":6,"minecraft:bone_meal":51,"minecraft:diamond_shovel":1,"minecraft:oak_trapdoor":72,"minecraft:hopper":2,"minecraft:iron_axe":1,"minecraft:stone_pickaxe":1,"minecraft:chest":14,"minecraft:stone_hoe":3,"minecraft:wheat":378,"minecraft:red_dye":1,"minecraft:oak_slab":60,"minecraft:emerald":382,"minecraft:diamond_axe":1,"minecraft:crafting_table":1,"minecraft:wooden_pickaxe":1,"minecraft:red_bed":1,"minecraft:bucket":2,"minecraft:birch_planks":56,"minecraft:stone_axe":2,"minecraft:enchanted_book":3,"minecraft:bread":1068,"minecraft:white_wool":109,"minecraft:diamond_pickaxe":2,"minecraft:stick":52,"minecraft:white_bed":34,"minecraft:composter":8,"minecraft:torch":8},"minecraft:broken":{"minecraft:stone_hoe":2,"minecraft:stone_pickaxe":1,"minecraft:shield":1,"minecraft:stone_axe":2,"minecraft:stone_shovel":10},"minecraft:mined":{"minecraft:farmland":2,"minecraft:white_bed":13,"minecraft:oak_sapling":1,"minecraft:brewing_stand":2,"minecraft:grass_block":960,"minecraft:redstone_wire":6,"minecraft:hopper":7,"minecraft:composter":7,"minecraft:oak_wall_sign":8,"minecraft:oxeye_daisy":2,"minecraft:large_fern":2,"minecraft:hay_block":43,"minecraft:oak_trapdoor":11,"minecraft:carrots":161,"minecraft:azure_bluet":65,"minecraft:bell":2,"minecraft:bookshelf":4,"minecraft:potatoes":5,"minecraft:cobblestone_slab":17,"minecraft:water_cauldron":4,"minecraft:dirt_path":115,"minecraft:stone":102,"minecraft:tripwire":7,"minecraft:red_bed":4,"minecraft:dandelion":38,"minecraft:crafting_table":2,"minecraft:torch":2,"minecraft:short_grass":422,"minecraft:poppy":1,"minecraft:chest":5,"minecraft:lectern":1,"minecraft:cobblestone":5,"minecraft:tall_grass":37,"minecraft:diorite":23,"minecraft:wall_torch":1,"minecraft:cauldron":2,"minecraft:white_terracotta":5,"minecraft:repeater":2,"minecraft:birch_log":26,"minecraft:redstone_torch":1,"minecraft:wheat":15,"minecraft:birch_leaves":7,"minecraft:oak_log":142,"minecraft:beetroots":1,"minecraft:dripstone_block":2,"minecraft:sand":10,"minecraft:dirt":871,"minecraft:dispenser":3,"minecraft:oak_leaves":12},"minecraft:dropped":{"minecraft:stone_hoe":1,"minecraft:iron_ingot":23,"minecraft:wheat_seeds":115,"minecraft:dripstone_block":2,"minecraft:cobblestone":16,"minecraft:stick":1,"minecraft:oxeye_daisy":1,"minecraft:red_bed":1,"minecraft:diorite":11,"minecraft:dispenser":1,"minecraft:torch":3,"minecraft:cornflower":1,"minecraft:rabbit":1,"minecraft:bone_meal":31,"minecraft:string":227,"minecraft:birch_log":1,"minecraft:bucket":1,"minecraft:white_wool":2,"minecraft:dandelion":1,"minecraft:bone":1,"minecraft:bowl":2,"minecraft:composter":1,"minecraft:pointed_dripstone":1,"minecraft:rotten_flesh":3,"minecraft:oak_planks":64,"minecraft:azure_bluet":44,"minecraft:white_bed":2,"minecraft:poppy":3,"minecraft:cobblestone_slab":2,"minecraft:hopper":1,"minecraft:arrow":4,"minecraft:bread":1214},"minecraft:killed_by":{"minecraft:player":2,"minecraft:creeper":3,"minecraft:skeleton":1,"minecraft:zombie":1},"minecraft:used":{"minecraft:oak_trapdoor":43,"minecraft:iron_shovel":184,"minecraft:stone_shovel":1474,"minecraft:dispenser":2,"minecraft:oak_sign":10,"minecraft:chest":14,"minecraft:shield":31,"minecraft:white_terracotta":1,"minecraft:bell":1,"minecraft:stone_hoe":372,"minecraft:torch":8,"minecraft:brewing_stand":1,"minecraft:dirt":1456,"minecraft:hopper":7,"minecraft:carrot":487,"minecraft:axolotl_bucket":1,"minecraft:iron_axe":42,"minecraft:oak_sapling":1,"minecraft:wheat_seeds":2,"minecraft:water_bucket":13,"minecraft:stone_pickaxe":178,"minecraft:wooden_pickaxe":22,"minecraft:composter":15,"minecraft:cauldron":2,"minecraft:diamond_axe":110,"minecraft:cobblestone_slab":58,"minecraft:cookie":5,"minecraft:sand":8,"minecraft:crafting_table":3,"minecraft:red_bed":5,"minecraft:white_bed":39,"minecraft:dripstone_block":2,"minecraft:diamond_pickaxe":50,"minecraft:apple":8,"minecraft:diamond_shovel":417,"minecraft:bread":118,"minecraft:string":8,"minecraft:suspicious_stew":2,"minecraft:stone_axe":278,"minecraft:cobblestone":15,"minecraft:porkchop":3,"minecraft:bucket":13,"minecraft:birch_log":6,"minecraft:bone_meal":117},"minecraft:killed":{"minecraft:spider":2,"minecraft:skeleton":10,"minecraft:pig":2,"minecraft:iron_golem":8,"minecraft:creeper":2,"minecraft:pillager":1,"minecraft:zombie":8,"minecraft:villager":1},"minecraft:picked_up":{"minecraft:charcoal":16,"minecraft:crafting_table":3,"minecraft:iron_chestplate":2,"minecraft:wheat":81,"minecraft:azure_bluet":139,"minecraft:suspicious_stew":4,"minecraft:wooden_pickaxe":1,"minecraft:diamond_sword":1,"minecraft:enchanted_book":7,"minecraft:brewing_stand":3,"minecraft:shield":3,"minecraft:cornflower":1,"minecraft:oak_trapdoor":17,"minecraft:string":5112,"minecraft:red_bed":5,"minecraft:iron_axe":1,"minecraft:iron_leggings":1,"minecraft:iron_shovel":3,"minecraft:oak_sign":4,"minecraft:diamond_leggings":2,"minecraft:spruce_planks":1,"minecraft:redstone_torch":1,"minecraft:cobblestone_slab":17,"minecraft:poppy":25,"minecraft:lectern":2,"minecraft:chest":5,"minecraft:stick":12,"minecraft:composter":8,"minecraft:torch":8,"minecraft:bowl":1,"minecraft:porkchop":3,"minecraft:cookie":295,"minecraft:pointed_dripstone":3,"minecraft:diorite":21,"minecraft:carrot":545,"minecraft:redstone":9,"minecraft:cauldron":6,"minecraft:stone_shovel":1,"minecraft:rotten_flesh":15,"minecraft:arrow":23,"minecraft:beetroot_seeds":2,"minecraft:shears":1,"minecraft:diamond_boots":1,"minecraft:hay_block":75,"minecraft:white_terracotta":9,"minecraft:cobblestone":147,"minecraft:oxeye_daisy":2,"minecraft:birch_log":35,"minecraft:repeater":2,"minecraft:water_bucket":2,"minecraft:potato":15,"minecraft:birch_planks":37,"minecraft:oak_log":146,"minecraft:gunpowder":4,"minecraft:dirt":2889,"minecraft:bone":27,"minecraft:apple":15,"minecraft:wheat_seeds":260,"minecraft:bell":2,"minecraft:stone_pickaxe":3,"minecraft:iron_ingot":67,"minecraft:rabbit":1,"minecraft:diamond_helmet":1,"minecraft:oak_planks":11,"minecraft:stone_hoe":3,"minecraft:book":24,"minecraft:emerald_block":32,"minecraft:dandelion":80,"minecraft:dripstone_block":4,"minecraft:dropper":1,"minecraft:sand":10,"minecraft:white_bed":10,"minecraft:diamond_shovel":1,"minecraft:dispenser":4,"minecraft:diamond":3,"minecraft:stone_axe":3,"minecraft:bone_meal":34,"minecraft:bread":402,"minecraft:emerald":11,"minecraft:oak_sapling":3,"minecraft:hopper":6,"minecraft:diamond_pickaxe":2},"minecraft:custom":{"minecraft:interact_with_smithing_table":1,"minecraft:inspect_dropper":2,"minecraft:mob_kills":34,"minecraft:interact_with_anvil":3,"minecraft:inspect_hopper":9,"minecraft:interact_with_crafting_table":75,"minecraft:open_barrel":2,"minecraft:bell_ring":33,"minecraft:leave_game":139,"minecraft:time_since_death":151187,"minecraft:climb_one_cm":4175,"minecraft:sprint_one_cm":1108361,"minecraft:walk_one_cm":721540,"minecraft:damage_blocked_by_shield":3171,"minecraft:drop":65,"minecraft:talked_to_villager":134,"minecraft:play_time":373288,"minecraft:deaths":8,"minecraft:sneak_time":13996,"minecraft:walk_under_water_one_cm":9125,"minecraft:jump":6735,"minecraft:walk_on_water_one_cm":50326,"minecraft:total_world_time":373288,"minecraft:interact_with_furnace":6,"minecraft:traded_with_villager":556,"minecraft:sleep_in_bed":21,"minecraft:time_since_rest":1130,"minecraft:damage_taken":6189,"minecraft:damage_dealt":14300,"minecraft:swim_one_cm":68955,"minecraft:fly_one_cm":1285755,"minecraft:open_chest":240,"minecraft:crouch_one_cm":57710,"minecraft:fall_one_cm":231073,"minecraft:inspect_dispenser":6}},"DataVersion":3953}