{"stats":{"minecraft:killed":{"minecraft:pig":2,"minecraft:spider":1,"minecraft:skeleton":7,"minecraft:pillager":1,"minecraft:zombie":3},"minecraft:picked_up":{"minecraft:birch_log":35,"minecraft:crafting_table":2,"minecraft:wheat":81,"minecraft:azure_bluet":101,"minecraft:wooden_pickaxe":1,"minecraft:potato":15,"minecraft:birch_planks":37,"minecraft:oak_log":10,"minecraft:brewing_stand":3,"minecraft:shield":2,"minecraft:oak_trapdoor":16,"minecraft:cornflower":1,"minecraft:dirt":2068,"minecraft:string":872,"minecraft:bone":14,"minecraft:wheat_seeds":75,"minecraft:bell":2,"minecraft:stone_pickaxe":2,"minecraft:iron_ingot":5,"minecraft:cobblestone_slab":16,"minecraft:poppy":4,"minecraft:rabbit":1,"minecraft:lectern":2,"minecraft:chest":1,"minecraft:stone_hoe":1,"minecraft:book":12,"minecraft:stick":3,"minecraft:composter":2,"minecraft:dandelion":52,"minecraft:porkchop":3,"minecraft:sand":10,"minecraft:cookie":18,"minecraft:white_bed":4,"minecraft:carrot":46,"minecraft:cauldron":6,"minecraft:arrow":8,"minecraft:stone_shovel":1,"minecraft:rotten_flesh":3,"minecraft:beetroot_seeds":1,"minecraft:stone_axe":2,"minecraft:hay_block":75,"minecraft:emerald":6,"minecraft:bread":207,"minecraft:white_terracotta":9,"minecraft:oak_sapling":1,"minecraft:cobblestone":79,"minecraft:oxeye_daisy":1},"minecraft:custom":{"minecraft:interact_with_smithing_table":1,"minecraft:mob_kills":14,"minecraft:traded_with_villager":60,"minecraft:interact_with_crafting_table":14,"minecraft:bell_ring":33,"minecraft:leave_game":73,"minecraft:time_since_death":71176,"minecraft:sleep_in_bed":5,"minecraft:time_since_rest":7696,"minecraft:sprint_one_cm":501789,"minecraft:damage_taken":3010,"minecraft:walk_one_cm":288117,"minecraft:damage_blocked_by_shield":2374,"minecraft:drop":17,"minecraft:damage_dealt":3642,"minecraft:swim_one_cm":53780,"minecraft:talked_to_villager":26,"minecraft:fly_one_cm":659971,"minecraft:open_chest":20,"minecraft:deaths":3,"minecraft:sneak_time":3099,"minecraft:crouch_one_cm":11770,"minecraft:play_time":139126,"minecraft:walk_under_water_one_cm":7146,"minecraft:jump":3263,"minecraft:walk_on_water_one_cm":26356,"minecraft:total_world_time":139126,"minecraft:fall_one_cm":113864},"minecraft:killed_by":{"minecraft:player":1,"minecraft:creeper":2},"minecraft:broken":{"minecraft:stone_shovel":10},"minecraft:crafted":{"minecraft:cobblestone_slab":18,"minecraft:stone_shovel":10,"minecraft:emerald":28,"minecraft:crafting_table":1,"minecraft:wooden_pickaxe":1,"minecraft:bone_meal":27,"minecraft:birch_planks":56,"minecraft:stone_axe":1,"minecraft:bread":318,"minecraft:stick":28,"minecraft:stone_pickaxe":1,"minecraft:chest":2,"minecraft:stone_hoe":1,"minecraft:wheat":378},"minecraft:mined":{"minecraft:white_bed":2,"minecraft:oak_sapling":1,"minecraft:dandelion":13,"minecraft:brewing_stand":2,"minecraft:crafting_table":1,"minecraft:short_grass":294,"minecraft:grass_block":674,"minecraft:chest":1,"minecraft:lectern":1,"minecraft:tall_grass":20,"minecraft:cobblestone":4,"minecraft:composter":1,"minecraft:oxeye_daisy":1,"minecraft:cauldron":2,"minecraft:large_fern":2,"minecraft:hay_block":43,"minecraft:white_terracotta":5,"minecraft:oak_trapdoor":8,"minecraft:carrots":16,"minecraft:birch_log":26,"minecraft:wheat":15,"minecraft:birch_leaves":7,"minecraft:azure_bluet":49,"minecraft:bell":2,"minecraft:dirt_path":94,"minecraft:bookshelf":4,"minecraft:potatoes":5,"minecraft:oak_log":5,"minecraft:water_cauldron":4,"minecraft:beetroots":1,"minecraft:cobblestone_slab":16,"minecraft:sand":10,"minecraft:dirt":553,"minecraft:stone":56,"minecraft:oak_leaves":10,"minecraft:tripwire":2},"minecraft:dropped":{"minecraft:iron_ingot":5,"minecraft:bread":320,"minecraft:wheat_seeds":1,"minecraft:azure_bluet":44,"minecraft:stick":1,"minecraft:oxeye_daisy":1,"minecraft:cornflower":1,"minecraft:rabbit":1,"minecraft:string":221,"minecraft:birch_log":1},"minecraft:used":{"minecraft:oak_trapdoor":1,"minecraft:stone_shovel":1474,"minecraft:stone_pickaxe":121,"minecraft:wooden_pickaxe":22,"minecraft:white_terracotta":1,"minecraft:chest":3,"minecraft:shield":27,"minecraft:cauldron":2,"minecraft:bell":1,"minecraft:cobblestone_slab":23,"minecraft:brewing_stand":1,"minecraft:dirt":285,"minecraft:sand":8,"minecraft:crafting_table":2,"minecraft:carrot":36,"minecraft:white_bed":4,"minecraft:apple":4,"minecraft:bread":57,"minecraft:string":2,"minecraft:stone_axe":196,"minecraft:porkchop":3,"minecraft:birch_log":6}},"DataVersion":3953}