{"stats":{"minecraft:used":{"minecraft:stone_shovel":885,"minecraft:stone_pickaxe":68,"minecraft:chest":3,"minecraft:wooden_pickaxe":22,"minecraft:white_terracotta":1,"minecraft:cauldron":2,"minecraft:bell":1,"minecraft:cobblestone_slab":21,"minecraft:brewing_stand":1,"minecraft:dirt":88,"minecraft:crafting_table":2,"minecraft:carrot":6,"minecraft:white_bed":4,"minecraft:apple":4,"minecraft:bread":19,"minecraft:stone_axe":116,"minecraft:porkchop":3,"minecraft:birch_log":6},"minecraft:killed":{"minecraft:pig":2},"minecraft:broken":{"minecraft:stone_shovel":5},"minecraft:mined":{"minecraft:white_bed":2,"minecraft:dandelion":12,"minecraft:brewing_stand":2,"minecraft:crafting_table":1,"minecraft:short_grass":209,"minecraft:grass_block":388,"minecraft:chest":1,"minecraft:lectern":1,"minecraft:cobblestone":4,"minecraft:tall_grass":3,"minecraft:composter":1,"minecraft:cauldron":2,"minecraft:hay_block":43,"minecraft:white_terracotta":5,"minecraft:carrots":6,"minecraft:birch_log":26,"minecraft:wheat":15,"minecraft:birch_leaves":7,"minecraft:azure_bluet":43,"minecraft:bell":2,"minecraft:bookshelf":4,"minecraft:potatoes":5,"minecraft:dirt_path":38,"minecraft:cobblestone_slab":13,"minecraft:water_cauldron":4,"minecraft:beetroots":1,"minecraft:dirt":326,"minecraft:stone":21},"minecraft:custom":{"minecraft:interact_with_smithing_table":1,"minecraft:mob_kills":2,"minecraft:interact_with_crafting_table":9,"minecraft:bell_ring":33,"minecraft:leave_game":5,"minecraft:time_since_death":32980,"minecraft:sleep_in_bed":3,"minecraft:time_since_rest":12499,"minecraft:sprint_one_cm":241530,"minecraft:damage_taken":835,"minecraft:walk_one_cm":152834,"minecraft:drop":4,"minecraft:damage_dealt":553,"minecraft:swim_one_cm":5021,"minecraft:talked_to_villager":3,"minecraft:fly_one_cm":286951,"minecraft:open_chest":9,"minecraft:crouch_one_cm":5944,"minecraft:play_time":57155,"minecraft:deaths":1,"minecraft:sneak_time":1214,"minecraft:walk_under_water_one_cm":221,"minecraft:jump":1392,"minecraft:walk_on_water_one_cm":4319,"minecraft:total_world_time":57155,"minecraft:fall_one_cm":53546},"minecraft:picked_up":{"minecraft:birch_log":34,"minecraft:crafting_table":2,"minecraft:wheat":81,"minecraft:azure_bluet":51,"minecraft:wooden_pickaxe":1,"minecraft:potato":15,"minecraft:birch_planks":29,"minecraft:brewing_stand":2,"minecraft:dirt":815,"minecraft:wheat_seeds":44,"minecraft:bell":2,"minecraft:stone_pickaxe":1,"minecraft:cobblestone_slab":13,"minecraft:poppy":2,"minecraft:rabbit":1,"minecraft:lectern":1,"minecraft:chest":1,"minecraft:book":12,"minecraft:stick":1,"minecraft:composter":1,"minecraft:dandelion":36,"minecraft:porkchop":3,"minecraft:white_bed":4,"minecraft:carrot":6,"minecraft:cauldron":6,"minecraft:stone_shovel":1,"minecraft:stone_axe":1,"minecraft:beetroot_seeds":1,"minecraft:hay_block":75,"minecraft:bread":1,"minecraft:white_terracotta":9,"minecraft:cobblestone":42},"minecraft:dropped":{"minecraft:bread":64,"minecraft:stick":1,"minecraft:rabbit":1,"minecraft:birch_log":1},"minecraft:killed_by":{"minecraft:player":1},"minecraft:crafted":{"minecraft:cobblestone_slab":18,"minecraft:stone_shovel":6,"minecraft:crafting_table":1,"minecraft:wooden_pickaxe":1,"minecraft:birch_planks":52,"minecraft:stone_axe":1,"minecraft:bread":126,"minecraft:stick":20,"minecraft:stone_pickaxe":1,"minecraft:chest":2,"minecraft:stone_hoe":1,"minecraft:wheat":378}},"DataVersion":3953}