{"stats":{"minecraft:killed":{"minecraft:spider":1,"minecraft:skeleton":7,"minecraft:pig":2,"minecraft:iron_golem":1,"minecraft:pillager":1,"minecraft:zombie":3},"minecraft:picked_up":{"minecraft:crafting_table":2,"minecraft:wheat":81,"minecraft:azure_bluet":111,"minecraft:suspicious_stew":4,"minecraft:wooden_pickaxe":1,"minecraft:brewing_stand":3,"minecraft:shield":2,"minecraft:cornflower":1,"minecraft:string":874,"minecraft:oak_trapdoor":16,"minecraft:spruce_planks":1,"minecraft:cobblestone_slab":16,"minecraft:poppy":14,"minecraft:lectern":2,"minecraft:chest":1,"minecraft:stick":4,"minecraft:composter":4,"minecraft:bowl":1,"minecraft:porkchop":3,"minecraft:cookie":160,"minecraft:carrot":94,"minecraft:redstone":3,"minecraft:cauldron":6,"minecraft:rotten_flesh":6,"minecraft:stone_shovel":1,"minecraft:arrow":10,"minecraft:beetroot_seeds":2,"minecraft:shears":1,"minecraft:hay_block":75,"minecraft:white_terracotta":9,"minecraft:cobblestone":83,"minecraft:oxeye_daisy":1,"minecraft:birch_log":35,"minecraft:potato":15,"minecraft:birch_planks":37,"minecraft:oak_log":16,"minecraft:dirt":2084,"minecraft:bone":16,"minecraft:wheat_seeds":204,"minecraft:bell":2,"minecraft:iron_ingot":36,"minecraft:stone_pickaxe":2,"minecraft:rabbit":1,"minecraft:stone_hoe":1,"minecraft:book":12,"minecraft:dandelion":52,"minecraft:dropper":1,"minecraft:sand":10,"minecraft:white_bed":4,"minecraft:dispenser":3,"minecraft:diamond":3,"minecraft:stone_axe":2,"minecraft:bone_meal":1,"minecraft:bread":207,"minecraft:emerald":6,"minecraft:oak_sapling":3,"minecraft:hopper":2},"minecraft:custom":{"minecraft:interact_with_smithing_table":1,"minecraft:inspect_dropper":2,"minecraft:mob_kills":15,"minecraft:inspect_hopper":1,"minecraft:interact_with_crafting_table":23,"minecraft:bell_ring":33,"minecraft:leave_game":74,"minecraft:time_since_death":99665,"minecraft:sprint_one_cm":558482,"minecraft:walk_one_cm":326912,"minecraft:damage_blocked_by_shield":3171,"minecraft:drop":27,"minecraft:talked_to_villager":42,"minecraft:play_time":167615,"minecraft:deaths":3,"minecraft:sneak_time":3203,"minecraft:walk_under_water_one_cm":7146,"minecraft:jump":3736,"minecraft:walk_on_water_one_cm":26564,"minecraft:total_world_time":167615,"minecraft:interact_with_furnace":1,"minecraft:traded_with_villager":171,"minecraft:sleep_in_bed":7,"minecraft:time_since_rest":6844,"minecraft:damage_taken":3323,"minecraft:damage_dealt":4275,"minecraft:swim_one_cm":53780,"minecraft:fly_one_cm":741098,"minecraft:open_chest":43,"minecraft:crouch_one_cm":12036,"minecraft:fall_one_cm":131051,"minecraft:inspect_dispenser":6},"minecraft:killed_by":{"minecraft:player":1,"minecraft:creeper":2},"minecraft:broken":{"minecraft:shield":1,"minecraft:stone_axe":1,"minecraft:stone_shovel":10},"minecraft:crafted":{"minecraft:cookie":198,"minecraft:oak_planks":16,"minecraft:cobblestone_slab":18,"minecraft:stone_shovel":10,"minecraft:bone_meal":27,"minecraft:hopper":1,"minecraft:stone_pickaxe":1,"minecraft:chest":3,"minecraft:stone_hoe":1,"minecraft:wheat":378,"minecraft:red_dye":1,"minecraft:emerald":96,"minecraft:crafting_table":1,"minecraft:wooden_pickaxe":1,"minecraft:red_bed":1,"minecraft:bucket":1,"minecraft:birch_planks":56,"minecraft:stone_axe":1,"minecraft:bread":510,"minecraft:white_wool":3,"minecraft:diamond_pickaxe":1,"minecraft:stick":32,"minecraft:white_bed":1},"minecraft:mined":{"minecraft:white_bed":2,"minecraft:oak_sapling":1,"minecraft:brewing_stand":2,"minecraft:grass_block":686,"minecraft:composter":2,"minecraft:hopper":3,"minecraft:oxeye_daisy":1,"minecraft:large_fern":2,"minecraft:hay_block":43,"minecraft:oak_trapdoor":8,"minecraft:carrots":42,"minecraft:azure_bluet":49,"minecraft:bell":2,"minecraft:bookshelf":4,"minecraft:potatoes":5,"minecraft:cobblestone_slab":16,"minecraft:water_cauldron":4,"minecraft:dirt_path":95,"minecraft:stone":60,"minecraft:tripwire":2,"minecraft:dandelion":13,"minecraft:crafting_table":1,"minecraft:short_grass":315,"minecraft:chest":1,"minecraft:lectern":1,"minecraft:cobblestone":4,"minecraft:tall_grass":20,"minecraft:cauldron":2,"minecraft:white_terracotta":5,"minecraft:birch_log":26,"minecraft:wheat":15,"minecraft:birch_leaves":7,"minecraft:oak_log":11,"minecraft:beetroots":1,"minecraft:sand":10,"minecraft:dirt":554,"minecraft:dispenser":2,"minecraft:oak_leaves":10},"minecraft:used":{"minecraft:oak_trapdoor":1,"minecraft:dispenser":2,"minecraft:stone_shovel":1474,"minecraft:chest":3,"minecraft:shield":31,"minecraft:white_terracotta":1,"minecraft:bell":1,"minecraft:stone_hoe":38,"minecraft:brewing_stand":1,"minecraft:dirt":288,"minecraft:hopper":1,"minecraft:carrot":36,"minecraft:axolotl_bucket":1,"minecraft:oak_sapling":1,"minecraft:water_bucket":4,"minecraft:stone_pickaxe":129,"minecraft:wooden_pickaxe":22,"minecraft:composter":2,"minecraft:cauldron":2,"minecraft:cobblestone_slab":23,"minecraft:cookie":2,"minecraft:sand":8,"minecraft:crafting_table":2,"minecraft:red_bed":1,"minecraft:white_bed":4,"minecraft:diamond_pickaxe":8,"minecraft:apple":4,"minecraft:bread":64,"minecraft:string":2,"minecraft:suspicious_stew":2,"minecraft:stone_axe":207,"minecraft:cobblestone":2,"minecraft:porkchop":3,"minecraft:birch_log":6,"minecraft:bucket":5},"minecraft:dropped":{"minecraft:iron_ingot":5,"minecraft:bread":448,"minecraft:wheat_seeds":111,"minecraft:stick":1,"minecraft:oxeye_daisy":1,"minecraft:dispenser":1,"minecraft:cornflower":1,"minecraft:rabbit":1,"minecraft:string":221,"minecraft:birch_log":1,"minecraft:bowl":2,"minecraft:composter":1,"minecraft:azure_bluet":44,"minecraft:poppy":3,"minecraft:hopper":1}},"DataVersion":3953}