{"stats":{"minecraft:killed":{"minecraft:spider":3,"minecraft:cod":2,"minecraft:horse":2,"minecraft:skeleton":2,"minecraft:cat":1,"minecraft:iron_golem":2,"minecraft:creeper":1,"minecraft:zombie":16},"minecraft:used":{"minecraft:oak_fence":40,"minecraft:stone_shovel":755,"minecraft:chest":10,"minecraft:shield":24,"minecraft:stone":4,"minecraft:bell":2,"minecraft:stone_hoe":364,"minecraft:netherrack":20,"minecraft:torch":40,"minecraft:dirt":6976,"minecraft:anvil":1,"minecraft:hopper":8,"minecraft:carrot":895,"minecraft:jungle_slab":6,"minecraft:cod_bucket":3,"minecraft:oak_wood":10,"minecraft:iron_axe":644,"minecraft:barrel":24,"minecraft:beef":5,"minecraft:furnace":6,"minecraft:cooked_beef":18,"minecraft:potato":41,"minecraft:cobbled_deepslate":14,"minecraft:water_bucket":16,"minecraft:stone_pickaxe":36,"minecraft:wooden_pickaxe":16,"minecraft:cobblestone_slab":47,"minecraft:sugar_cane":18,"minecraft:sand":1,"minecraft:crafting_table":1,"minecraft:blast_furnace":1,"minecraft:white_bed":7,"minecraft:shears":1,"minecraft:oak_log":29,"minecraft:wooden_hoe":59,"minecraft:diamond_pickaxe":2305,"minecraft:bread":99,"minecraft:map":2,"minecraft:diamond_shovel":8766,"minecraft:string":26,"minecraft:melon_slice":4,"minecraft:stone_axe":193,"minecraft:cobblestone":142,"minecraft:smithing_table":2,"minecraft:bucket":18,"minecraft:smooth_stone_slab":2,"minecraft:yellow_bed":13,"minecraft:bone_meal":399,"minecraft:smooth_stone":14},"minecraft:broken":{"minecraft:stone_hoe":2,"minecraft:diamond_shovel":2,"minecraft:diamond_pickaxe":1,"minecraft:iron_axe":1,"minecraft:stone_axe":1,"minecraft:wooden_hoe":1,"minecraft:stone_shovel":5},"minecraft:mined":{"minecraft:nether_gold_ore":51,"minecraft:tuff":12,"minecraft:farmland":3,"minecraft:white_bed":7,"minecraft:mossy_cobblestone":33,"minecraft:deepslate_diamond_ore":25,"minecraft:oak_door":7,"minecraft:jungle_slab":1,"minecraft:cobblestone_stairs":3,"minecraft:jungle_leaves":2,"minecraft:mangrove_roots":1,"minecraft:granite":3,"minecraft:grass_block":3175,"minecraft:jungle_log":21,"minecraft:hopper":4,"minecraft:moss_block":2,"minecraft:composter":2,"minecraft:cartography_table":1,"minecraft:oxeye_daisy":6,"minecraft:hay_block":65,"minecraft:smooth_stone":1,"minecraft:raw_iron_block":1,"minecraft:redstone_ore":3,"minecraft:oak_trapdoor":22,"minecraft:furnace":3,"minecraft:carrots":605,"minecraft:iron_ore":88,"minecraft:fire":15,"minecraft:barrel":19,"minecraft:andesite":1,"minecraft:azure_bluet":1,"minecraft:bell":2,"minecraft:potatoes":50,"minecraft:cobblestone_slab":36,"minecraft:deepslate_iron_ore":59,"minecraft:dirt_path":508,"minecraft:vine":22,"minecraft:rail":108,"minecraft:oak_stairs":213,"minecraft:stone":984,"minecraft:white_wool":9,"minecraft:tripwire":21,"minecraft:deepslate_redstone_ore":50,"minecraft:oak_slab":21,"minecraft:brown_mushroom":1,"minecraft:glass_pane":14,"minecraft:dandelion":21,"minecraft:oak_fence":98,"minecraft:torch":13,"minecraft:clay":1,"minecraft:crafting_table":1,"minecraft:cornflower":4,"minecraft:short_grass":616,"minecraft:blast_furnace":1,"minecraft:poppy":8,"minecraft:melon":1,"minecraft:chest":1,"minecraft:nether_quartz_ore":2,"minecraft:tall_grass":50,"minecraft:cobblestone":218,"minecraft:deepslate_gold_ore":25,"minecraft:sugar_cane":9,"minecraft:oak_planks":131,"minecraft:diorite":15,"minecraft:wall_torch":3,"minecraft:mud":1,"minecraft:yellow_wool":6,"minecraft:wheat":46,"minecraft:stripped_oak_wood":1,"minecraft:yellow_bed":12,"minecraft:coal_ore":136,"minecraft:oak_log":166,"minecraft:oak_fence_gate":6,"minecraft:gravel":4,"minecraft:sand":1150,"minecraft:dirt":4643,"minecraft:netherrack":275,"minecraft:oak_leaves":28,"minecraft:deepslate":72,"minecraft:fern":59},"minecraft:custom":{"minecraft:interact_with_smithing_table":1,"minecraft:interact_with_anvil":18,"minecraft:mob_kills":31,"minecraft:inspect_hopper":42,"minecraft:interact_with_crafting_table":88,"minecraft:open_barrel":124,"minecraft:bell_ring":6,"minecraft:leave_game":52,"minecraft:climb_one_cm":6886,"minecraft:time_since_death":551866,"minecraft:sprint_one_cm":1582993,"minecraft:walk_one_cm":1702763,"minecraft:damage_blocked_by_shield":906,"minecraft:drop":211,"minecraft:talked_to_villager":278,"minecraft:play_time":551866,"minecraft:sneak_time":10689,"minecraft:walk_under_water_one_cm":2992,"minecraft:jump":9350,"minecraft:walk_on_water_one_cm":9735,"minecraft:total_world_time":551866,"minecraft:interact_with_furnace":177,"minecraft:traded_with_villager":1546,"minecraft:sleep_in_bed":34,"minecraft:time_since_rest":9143,"minecraft:damage_taken":2527,"minecraft:damage_dealt":6056,"minecraft:swim_one_cm":64634,"minecraft:fly_one_cm":1875684,"minecraft:open_chest":622,"minecraft:crouch_one_cm":42480,"minecraft:fall_one_cm":230953,"minecraft:horse_one_cm":33},"minecraft:picked_up":{"minecraft:mud":1,"minecraft:crafting_table":1,"minecraft:wheat":9,"minecraft:azure_bluet":3,"minecraft:chest_minecart":1,"minecraft:yellow_wool":6,"minecraft:smithing_table":2,"minecraft:oak_stairs":132,"minecraft:cornflower":6,"minecraft:oak_trapdoor":22,"minecraft:string":11744,"minecraft:iron_axe":1,"minecraft:white_carpet":4,"minecraft:cobbled_deepslate":78,"minecraft:cartography_table":1,"minecraft:gold_nugget":214,"minecraft:smooth_stone":2,"minecraft:cobblestone_slab":36,"minecraft:azalea":1,"minecraft:poppy":18,"minecraft:sugar_cane":19,"minecraft:melon_slice":5,"minecraft:chest":1,"minecraft:furnace":3,"minecraft:stick":7,"minecraft:raw_iron":303,"minecraft:oak_door":7,"minecraft:composter":2,"minecraft:oak_fence":98,"minecraft:torch":56,"minecraft:diorite":15,"minecraft:carrot":2153,"minecraft:redstone":236,"minecraft:rotten_flesh":15,"minecraft:arrow":2,"minecraft:hay_block":96,"minecraft:armadillo_scute":1,"minecraft:mangrove_roots":1,"minecraft:glow_berries":1,"minecraft:bone_block":43,"minecraft:cod":2,"minecraft:rail":108,"minecraft:white_wool":9,"minecraft:cobblestone":1233,"minecraft:oxeye_daisy":8,"minecraft:magma_cream":2,"minecraft:water_bucket":2,"minecraft:andesite":1,"minecraft:jungle_log":20,"minecraft:leather":2,"minecraft:potato":128,"minecraft:tuff":9,"minecraft:oak_log":162,"minecraft:yellow_bed":12,"minecraft:gunpowder":2,"minecraft:cobblestone_stairs":3,"minecraft:dirt":8253,"minecraft:paper":3,"minecraft:bone":3,"minecraft:bow":1,"minecraft:wheat_seeds":237,"minecraft:raw_gold":25,"minecraft:bell":4,"minecraft:oak_fence_gate":4,"minecraft:iron_ingot":12,"minecraft:stripped_oak_wood":1,"minecraft:moss_block":2,"minecraft:oak_planks":78,"minecraft:stone_hoe":10,"minecraft:oak_slab":21,"minecraft:poisonous_potato":1,"minecraft:quartz":2,"minecraft:dandelion":41,"minecraft:oak_pressure_plate":1,"minecraft:raw_iron_block":1,"minecraft:gravel":4,"minecraft:sand":1153,"minecraft:blast_furnace":1,"minecraft:white_bed":6,"minecraft:barrel":19,"minecraft:jungle_slab":1,"minecraft:spider_eye":1,"minecraft:mossy_cobblestone":30,"minecraft:diamond_shovel":2,"minecraft:pumpkin_seeds":2,"minecraft:yellow_carpet":4,"minecraft:diamond":25,"minecraft:granite":2,"minecraft:bone_meal":1,"minecraft:oak_sapling":11,"minecraft:netherrack":224,"minecraft:coal":150,"minecraft:hopper":4,"minecraft:diamond_pickaxe":1},"minecraft:dropped":{"minecraft:stone_hoe":31,"minecraft:bread":280,"minecraft:wheat_seeds":133,"minecraft:moss_block":2,"minecraft:golden_axe":1,"minecraft:iron_helmet":10,"minecraft:cobblestone":33,"minecraft:granite":2,"minecraft:oxeye_daisy":6,"minecraft:dirt":333,"minecraft:diorite":6,"minecraft:torch":2,"minecraft:cornflower":5,"minecraft:bone_meal":1,"minecraft:armadillo_scute":1,"minecraft:iron_axe":3,"minecraft:mud":1,"minecraft:string":144,"minecraft:bucket":1,"minecraft:bone":1,"minecraft:dandelion":37,"minecraft:sugar_cane":1,"minecraft:mangrove_roots":1,"minecraft:wheat":2,"minecraft:tuff":9,"minecraft:stone_shovel":1,"minecraft:raw_iron":156,"minecraft:rotten_flesh":5,"minecraft:diamond_shovel":1,"minecraft:golden_shovel":1,"minecraft:azure_bluet":3,"minecraft:carrot":1252,"minecraft:pumpkin_seeds":2,"minecraft:poppy":4,"minecraft:leather_chestplate":1,"minecraft:potato":84,"minecraft:gunpowder":2,"minecraft:stone":25,"minecraft:azalea":1,"minecraft:leather_boots":1,"minecraft:oak_sapling":11,"minecraft:chainmail_boots":12,"minecraft:leather_leggings":1,"minecraft:arrow":2,"minecraft:bow":1,"minecraft:bell":14,"minecraft:netherrack":7},"minecraft:crafted":{"minecraft:oak_planks":212,"minecraft:smooth_stone":27,"minecraft:raw_iron":9,"minecraft:cobblestone_slab":18,"minecraft:stone_shovel":6,"minecraft:barrel":11,"minecraft:smooth_stone_slab":12,"minecraft:furnace":4,"minecraft:blast_furnace":1,"minecraft:yellow_bed":2,"minecraft:stone":91,"minecraft:bone_meal":399,"minecraft:diamond_shovel":9,"minecraft:glass":455,"minecraft:hopper":4,"minecraft:diamond_helmet":2,"minecraft:diamond_leggings":2,"minecraft:iron_axe":7,"minecraft:stone_pickaxe":1,"minecraft:chest":13,"minecraft:diamond_boots":2,"minecraft:cod_bucket":3,"minecraft:stone_hoe":25,"minecraft:wheat":864,"minecraft:cooked_beef":18,"minecraft:oak_slab":60,"minecraft:emerald":1857,"minecraft:crafting_table":1,"minecraft:wooden_pickaxe":1,"minecraft:iron_helmet":10,"minecraft:bell":16,"minecraft:oak_wood":12,"minecraft:stone_axe":1,"minecraft:jungle_slab":42,"minecraft:bread":384,"minecraft:air":0,"minecraft:jungle_planks":80,"minecraft:white_wool":32,"minecraft:wooden_hoe":1,"minecraft:diamond_pickaxe":4,"minecraft:emerald_block":121,"minecraft:shield":12,"minecraft:stick":24,"minecraft:chainmail_boots":12,"minecraft:iron_ingot":144,"minecraft:iron_block":3,"minecraft:anvil":1,"minecraft:white_bed":9,"minecraft:composter":8,"minecraft:diamond_chestplate":2}},"DataVersion":3953}