{"stats":{"minecraft:used":{"minecraft:stone_shovel":114,"minecraft:stone_pickaxe":67,"minecraft:wooden_pickaxe":22,"minecraft:white_terracotta":1,"minecraft:cauldron":2,"minecraft:cobblestone_slab":21,"minecraft:bell":1,"minecraft:brewing_stand":1,"minecraft:dirt":81,"minecraft:crafting_table":2,"minecraft:carrot":6,"minecraft:white_bed":4,"minecraft:apple":4,"minecraft:bread":16,"minecraft:stone_axe":51,"minecraft:porkchop":3,"minecraft:birch_log":6},"minecraft:killed":{"minecraft:pig":2},"minecraft:mined":{"minecraft:white_bed":2,"minecraft:dandelion":5,"minecraft:brewing_stand":2,"minecraft:crafting_table":1,"minecraft:short_grass":75,"minecraft:grass_block":38,"minecraft:lectern":1,"minecraft:cobblestone":4,"minecraft:tall_grass":3,"minecraft:composter":1,"minecraft:cauldron":2,"minecraft:hay_block":43,"minecraft:white_terracotta":5,"minecraft:carrots":6,"minecraft:birch_log":26,"minecraft:wheat":15,"minecraft:birch_leaves":7,"minecraft:azure_bluet":1,"minecraft:bell":2,"minecraft:bookshelf":4,"minecraft:potatoes":5,"minecraft:dirt_path":3,"minecraft:cobblestone_slab":13,"minecraft:water_cauldron":4,"minecraft:beetroots":1,"minecraft:dirt":57,"minecraft:stone":20},"minecraft:custom":{"minecraft:interact_with_smithing_table":1,"minecraft:mob_kills":2,"minecraft:interact_with_crafting_table":5,"minecraft:bell_ring":33,"minecraft:leave_game":5,"minecraft:time_since_death":20996,"minecraft:sleep_in_bed":3,"minecraft:time_since_rest":515,"minecraft:sprint_one_cm":204207,"minecraft:damage_taken":815,"minecraft:walk_one_cm":78249,"minecraft:drop":4,"minecraft:damage_dealt":553,"minecraft:swim_one_cm":5021,"minecraft:talked_to_villager":3,"minecraft:fly_one_cm":272220,"minecraft:open_chest":6,"minecraft:crouch_one_cm":5813,"minecraft:play_time":45171,"minecraft:deaths":1,"minecraft:sneak_time":1192,"minecraft:walk_under_water_one_cm":221,"minecraft:jump":1315,"minecraft:walk_on_water_one_cm":4319,"minecraft:total_world_time":45171,"minecraft:fall_one_cm":52186},"minecraft:picked_up":{"minecraft:birch_log":34,"minecraft:crafting_table":2,"minecraft:wheat":81,"minecraft:azure_bluet":7,"minecraft:wooden_pickaxe":1,"minecraft:potato":15,"minecraft:birch_planks":29,"minecraft:brewing_stand":2,"minecraft:dirt":162,"minecraft:wheat_seeds":32,"minecraft:bell":2,"minecraft:stone_pickaxe":1,"minecraft:cobblestone_slab":13,"minecraft:poppy":2,"minecraft:rabbit":1,"minecraft:lectern":1,"minecraft:book":12,"minecraft:stick":1,"minecraft:composter":1,"minecraft:dandelion":26,"minecraft:porkchop":3,"minecraft:white_bed":4,"minecraft:carrot":6,"minecraft:cauldron":6,"minecraft:stone_shovel":1,"minecraft:stone_axe":1,"minecraft:beetroot_seeds":1,"minecraft:hay_block":75,"minecraft:bread":1,"minecraft:white_terracotta":9,"minecraft:cobblestone":41},"minecraft:dropped":{"minecraft:bread":64,"minecraft:stick":1,"minecraft:rabbit":1,"minecraft:birch_log":1},"minecraft:killed_by":{"minecraft:player":1},"minecraft:crafted":{"minecraft:cobblestone_slab":18,"minecraft:stone_shovel":1,"minecraft:crafting_table":1,"minecraft:wooden_pickaxe":1,"minecraft:birch_planks":40,"minecraft:stone_axe":1,"minecraft:bread":126,"minecraft:stick":12,"minecraft:stone_pickaxe":1,"minecraft:stone_hoe":1,"minecraft:wheat":378}},"DataVersion":3953}