{"stats":{"minecraft:killed":{"minecraft:spider":1,"minecraft:skeleton":7,"minecraft:pig":2,"minecraft:iron_golem":1,"minecraft:pillager":1,"minecraft:zombie":3},"minecraft:picked_up":{"minecraft:charcoal":16,"minecraft:iron_chestplate":1,"minecraft:crafting_table":2,"minecraft:wheat":81,"minecraft:azure_bluet":123,"minecraft:suspicious_stew":4,"minecraft:diamond_sword":1,"minecraft:wooden_pickaxe":1,"minecraft:brewing_stand":3,"minecraft:shield":3,"minecraft:cornflower":1,"minecraft:string":1196,"minecraft:oak_trapdoor":16,"minecraft:iron_axe":1,"minecraft:iron_leggings":1,"minecraft:iron_shovel":1,"minecraft:spruce_planks":1,"minecraft:redstone_torch":1,"minecraft:cobblestone_slab":16,"minecraft:poppy":15,"minecraft:lectern":2,"minecraft:chest":5,"minecraft:stick":10,"minecraft:composter":5,"minecraft:bowl":1,"minecraft:porkchop":3,"minecraft:cookie":295,"minecraft:pointed_dripstone":3,"minecraft:diorite":21,"minecraft:carrot":220,"minecraft:redstone":9,"minecraft:cauldron":6,"minecraft:stone_shovel":1,"minecraft:rotten_flesh":6,"minecraft:arrow":12,"minecraft:beetroot_seeds":2,"minecraft:shears":1,"minecraft:hay_block":75,"minecraft:white_terracotta":9,"minecraft:cobblestone":112,"minecraft:oxeye_daisy":2,"minecraft:birch_log":35,"minecraft:repeater":2,"minecraft:potato":15,"minecraft:birch_planks":37,"minecraft:oak_log":16,"minecraft:dirt":2097,"minecraft:bone":17,"minecraft:wheat_seeds":245,"minecraft:stone_pickaxe":2,"minecraft:bell":2,"minecraft:iron_ingot":36,"minecraft:rabbit":1,"minecraft:stone_hoe":1,"minecraft:book":12,"minecraft:dripstone_block":4,"minecraft:dandelion":77,"minecraft:sand":10,"minecraft:dropper":1,"minecraft:white_bed":4,"minecraft:dispenser":4,"minecraft:diamond":3,"minecraft:stone_axe":2,"minecraft:bone_meal":3,"minecraft:bread":207,"minecraft:emerald":11,"minecraft:oak_sapling":3,"minecraft:hopper":4,"minecraft:diamond_pickaxe":2},"minecraft:custom":{"minecraft:interact_with_smithing_table":1,"minecraft:inspect_dropper":2,"minecraft:mob_kills":15,"minecraft:inspect_hopper":6,"minecraft:interact_with_crafting_table":27,"minecraft:bell_ring":33,"minecraft:leave_game":76,"minecraft:time_since_death":5443,"minecraft:sprint_one_cm":637412,"minecraft:walk_one_cm":373989,"minecraft:damage_blocked_by_shield":3171,"minecraft:drop":33,"minecraft:talked_to_villager":49,"minecraft:play_time":191929,"minecraft:deaths":7,"minecraft:sneak_time":4397,"minecraft:walk_under_water_one_cm":7220,"minecraft:jump":4205,"minecraft:walk_on_water_one_cm":29796,"minecraft:total_world_time":191929,"minecraft:interact_with_furnace":1,"minecraft:traded_with_villager":232,"minecraft:sleep_in_bed":9,"minecraft:time_since_rest":5293,"minecraft:damage_taken":4640,"minecraft:damage_dealt":4391,"minecraft:swim_one_cm":53961,"minecraft:fly_one_cm":815376,"minecraft:open_chest":71,"minecraft:crouch_one_cm":15142,"minecraft:fall_one_cm":154954,"minecraft:inspect_dispenser":6},"minecraft:killed_by":{"minecraft:player":2,"minecraft:creeper":3,"minecraft:skeleton":1},"minecraft:broken":{"minecraft:shield":1,"minecraft:stone_axe":1,"minecraft:stone_shovel":10},"minecraft:crafted":{"minecraft:cookie":414,"minecraft:oak_planks":32,"minecraft:cobblestone_slab":18,"minecraft:stone_shovel":10,"minecraft:bone_meal":33,"minecraft:hopper":2,"minecraft:stone_pickaxe":1,"minecraft:chest":7,"minecraft:stone_hoe":1,"minecraft:wheat":378,"minecraft:red_dye":1,"minecraft:emerald":130,"minecraft:crafting_table":1,"minecraft:wooden_pickaxe":1,"minecraft:red_bed":1,"minecraft:bucket":1,"minecraft:birch_planks":56,"minecraft:stone_axe":1,"minecraft:bread":600,"minecraft:white_wool":3,"minecraft:diamond_pickaxe":1,"minecraft:stick":32,"minecraft:white_bed":1},"minecraft:mined":{"minecraft:white_bed":2,"minecraft:oak_sapling":1,"minecraft:brewing_stand":2,"minecraft:grass_block":693,"minecraft:redstone_wire":6,"minecraft:composter":3,"minecraft:hopper":5,"minecraft:oxeye_daisy":2,"minecraft:large_fern":2,"minecraft:hay_block":43,"minecraft:oak_trapdoor":8,"minecraft:carrots":78,"minecraft:azure_bluet":61,"minecraft:bell":2,"minecraft:bookshelf":4,"minecraft:potatoes":5,"minecraft:cobblestone_slab":16,"minecraft:water_cauldron":4,"minecraft:dirt_path":95,"minecraft:stone":85,"minecraft:tripwire":4,"minecraft:dandelion":37,"minecraft:crafting_table":1,"minecraft:short_grass":356,"minecraft:poppy":1,"minecraft:chest":5,"minecraft:lectern":1,"minecraft:tall_grass":20,"minecraft:cobblestone":5,"minecraft:diorite":23,"minecraft:cauldron":2,"minecraft:white_terracotta":5,"minecraft:repeater":2,"minecraft:redstone_torch":1,"minecraft:birch_log":26,"minecraft:wheat":15,"minecraft:birch_leaves":7,"minecraft:oak_log":11,"minecraft:beetroots":1,"minecraft:dripstone_block":2,"minecraft:sand":10,"minecraft:dirt":559,"minecraft:dispenser":3,"minecraft:oak_leaves":10},"minecraft:used":{"minecraft:oak_trapdoor":1,"minecraft:dispenser":2,"minecraft:stone_shovel":1474,"minecraft:chest":10,"minecraft:shield":31,"minecraft:white_terracotta":1,"minecraft:bell":1,"minecraft:stone_hoe":92,"minecraft:brewing_stand":1,"minecraft:dirt":369,"minecraft:hopper":5,"minecraft:carrot":152,"minecraft:axolotl_bucket":1,"minecraft:oak_sapling":1,"minecraft:water_bucket":4,"minecraft:stone_pickaxe":158,"minecraft:wooden_pickaxe":22,"minecraft:composter":3,"minecraft:cauldron":2,"minecraft:cobblestone_slab":23,"minecraft:cookie":5,"minecraft:sand":8,"minecraft:crafting_table":2,"minecraft:red_bed":1,"minecraft:white_bed":4,"minecraft:dripstone_block":2,"minecraft:diamond_pickaxe":49,"minecraft:apple":4,"minecraft:bread":72,"minecraft:string":4,"minecraft:suspicious_stew":2,"minecraft:stone_axe":207,"minecraft:cobblestone":15,"minecraft:porkchop":3,"minecraft:birch_log":6,"minecraft:bucket":5,"minecraft:bone_meal":68},"minecraft:dropped":{"minecraft:iron_ingot":5,"minecraft:bread":572,"minecraft:wheat_seeds":111,"minecraft:dripstone_block":2,"minecraft:cobblestone":16,"minecraft:stick":1,"minecraft:oxeye_daisy":1,"minecraft:diorite":11,"minecraft:dispenser":1,"minecraft:cornflower":1,"minecraft:rabbit":1,"minecraft:string":221,"minecraft:birch_log":1,"minecraft:bowl":2,"minecraft:pointed_dripstone":1,"minecraft:composter":1,"minecraft:azure_bluet":44,"minecraft:poppy":3,"minecraft:hopper":1}},"DataVersion":3953}