{"stats":{"minecraft:broken":{"minecraft:diamond_shovel":1,"minecraft:iron_axe":1,"minecraft:stone_axe":1,"minecraft:wooden_hoe":1,"minecraft:stone_shovel":5},"minecraft:used":{"minecraft:oak_fence":40,"minecraft:stone_shovel":755,"minecraft:chest":7,"minecraft:shield":9,"minecraft:stone":4,"minecraft:bell":2,"minecraft:stone_hoe":34,"minecraft:netherrack":20,"minecraft:torch":21,"minecraft:dirt":1652,"minecraft:hopper":7,"minecraft:carrot":419,"minecraft:jungle_slab":6,"minecraft:cod_bucket":3,"minecraft:oak_wood":10,"minecraft:iron_axe":165,"minecraft:barrel":24,"minecraft:beef":5,"minecraft:furnace":6,"minecraft:cooked_beef":18,"minecraft:potato":41,"minecraft:water_bucket":9,"minecraft:stone_pickaxe":36,"minecraft:wooden_pickaxe":16,"minecraft:cobblestone_slab":32,"minecraft:sugar_cane":18,"minecraft:sand":1,"minecraft:crafting_table":1,"minecraft:blast_furnace":1,"minecraft:white_bed":7,"minecraft:shears":1,"minecraft:oak_log":22,"minecraft:wooden_hoe":59,"minecraft:diamond_pickaxe":980,"minecraft:diamond_shovel":2520,"minecraft:bread":48,"minecraft:map":2,"minecraft:melon_slice":4,"minecraft:string":15,"minecraft:stone_axe":193,"minecraft:cobblestone":16,"minecraft:smithing_table":2,"minecraft:bucket":11,"minecraft:smooth_stone_slab":2,"minecraft:yellow_bed":13,"minecraft:bone_meal":387,"minecraft:smooth_stone":14},"minecraft:dropped":{"minecraft:stone_hoe":23,"minecraft:bread":280,"minecraft:moss_block":2,"minecraft:wheat_seeds":93,"minecraft:iron_helmet":10,"minecraft:cobblestone":15,"minecraft:granite":1,"minecraft:oxeye_daisy":3,"minecraft:dirt":333,"minecraft:torch":2,"minecraft:cornflower":3,"minecraft:bone_meal":1,"minecraft:armadillo_scute":1,"minecraft:mud":1,"minecraft:string":2,"minecraft:bucket":1,"minecraft:bone":1,"minecraft:dandelion":19,"minecraft:sugar_cane":1,"minecraft:mangrove_roots":1,"minecraft:wheat":2,"minecraft:stone_shovel":1,"minecraft:rotten_flesh":5,"minecraft:diamond_shovel":1,"minecraft:carrot":128,"minecraft:poppy":4,"minecraft:leather_chestplate":1,"minecraft:stone":25,"minecraft:gunpowder":1,"minecraft:azalea":1,"minecraft:leather_boots":1,"minecraft:oak_sapling":11,"minecraft:chainmail_boots":12,"minecraft:leather_leggings":1,"minecraft:arrow":2,"minecraft:bow":1,"minecraft:netherrack":7},"minecraft:mined":{"minecraft:nether_gold_ore":51,"minecraft:white_bed":7,"minecraft:mossy_cobblestone":32,"minecraft:deepslate_diamond_ore":15,"minecraft:oak_door":7,"minecraft:jungle_slab":1,"minecraft:cobblestone_stairs":3,"minecraft:jungle_leaves":2,"minecraft:mangrove_roots":1,"minecraft:grass_block":794,"minecraft:jungle_log":21,"minecraft:moss_block":2,"minecraft:hopper":3,"minecraft:cartography_table":1,"minecraft:composter":2,"minecraft:oxeye_daisy":3,"minecraft:hay_block":65,"minecraft:smooth_stone":1,"minecraft:oak_trapdoor":8,"minecraft:furnace":3,"minecraft:carrots":345,"minecraft:iron_ore":33,"minecraft:fire":15,"minecraft:barrel":19,"minecraft:azure_bluet":1,"minecraft:bell":2,"minecraft:deepslate_iron_ore":16,"minecraft:potatoes":50,"minecraft:cobblestone_slab":20,"minecraft:vine":20,"minecraft:dirt_path":203,"minecraft:stone":209,"minecraft:white_wool":6,"minecraft:tripwire":9,"minecraft:deepslate_redstone_ore":15,"minecraft:oak_slab":12,"minecraft:brown_mushroom":1,"minecraft:glass_pane":13,"minecraft:dandelion":19,"minecraft:oak_fence":66,"minecraft:cornflower":3,"minecraft:crafting_table":1,"minecraft:torch":6,"minecraft:short_grass":432,"minecraft:poppy":3,"minecraft:melon":1,"minecraft:nether_quartz_ore":2,"minecraft:tall_grass":34,"minecraft:cobblestone":197,"minecraft:deepslate_gold_ore":2,"minecraft:diorite":6,"minecraft:sugar_cane":9,"minecraft:oak_planks":9,"minecraft:wall_torch":1,"minecraft:mud":1,"minecraft:yellow_wool":6,"minecraft:wheat":46,"minecraft:stripped_oak_wood":1,"minecraft:yellow_bed":12,"minecraft:oak_log":106,"minecraft:coal_ore":105,"minecraft:sand":1150,"minecraft:dirt":1102,"minecraft:netherrack":174,"minecraft:deepslate":38,"minecraft:oak_leaves":26,"minecraft:fern":45},"minecraft:crafted":{"minecraft:smooth_stone":27,"minecraft:oak_planks":148,"minecraft:cobblestone_slab":18,"minecraft:stone_shovel":6,"minecraft:barrel":11,"minecraft:smooth_stone_slab":12,"minecraft:furnace":4,"minecraft:blast_furnace":1,"minecraft:stone":91,"minecraft:yellow_bed":2,"minecraft:bone_meal":387,"minecraft:diamond_shovel":1,"minecraft:hopper":4,"minecraft:diamond_helmet":2,"minecraft:diamond_leggings":2,"minecraft:stone_pickaxe":1,"minecraft:chest":11,"minecraft:diamond_boots":2,"minecraft:cod_bucket":3,"minecraft:stone_hoe":13,"minecraft:wheat":864,"minecraft:cooked_beef":18,"minecraft:emerald":568,"minecraft:crafting_table":1,"minecraft:wooden_pickaxe":1,"minecraft:iron_helmet":10,"minecraft:bell":2,"minecraft:oak_wood":12,"minecraft:stone_axe":1,"minecraft:jungle_slab":42,"minecraft:bread":384,"minecraft:air":0,"minecraft:jungle_planks":80,"minecraft:wooden_hoe":1,"minecraft:emerald_block":52,"minecraft:shield":12,"minecraft:stick":24,"minecraft:iron_ingot":16,"minecraft:chainmail_boots":12,"minecraft:white_bed":1,"minecraft:diamond_chestplate":2},"minecraft:picked_up":{"minecraft:mud":1,"minecraft:crafting_table":1,"minecraft:wheat":9,"minecraft:yellow_wool":6,"minecraft:smithing_table":2,"minecraft:cornflower":3,"minecraft:oak_trapdoor":8,"minecraft:string":2603,"minecraft:iron_axe":1,"minecraft:cobbled_deepslate":42,"minecraft:smooth_stone":2,"minecraft:cartography_table":1,"minecraft:gold_nugget":214,"minecraft:azalea":1,"minecraft:cobblestone_slab":20,"minecraft:poppy":5,"minecraft:sugar_cane":19,"minecraft:melon_slice":5,"minecraft:furnace":3,"minecraft:raw_iron":49,"minecraft:stick":4,"minecraft:oak_door":7,"minecraft:composter":2,"minecraft:oak_fence":67,"minecraft:torch":32,"minecraft:diorite":6,"minecraft:carrot":1191,"minecraft:redstone":67,"minecraft:rotten_flesh":8,"minecraft:arrow":2,"minecraft:hay_block":96,"minecraft:armadillo_scute":1,"minecraft:mangrove_roots":1,"minecraft:cobblestone":444,"minecraft:bone_block":43,"minecraft:white_wool":6,"minecraft:oxeye_daisy":3,"minecraft:magma_cream":2,"minecraft:water_bucket":2,"minecraft:jungle_log":20,"minecraft:potato":128,"minecraft:tuff":1,"minecraft:oak_log":104,"minecraft:yellow_bed":12,"minecraft:gunpowder":2,"minecraft:cobblestone_stairs":3,"minecraft:dirt":2105,"minecraft:bone":1,"minecraft:bow":1,"minecraft:wheat_seeds":153,"minecraft:raw_gold":2,"minecraft:bell":4,"minecraft:iron_ingot":12,"minecraft:stripped_oak_wood":1,"minecraft:moss_block":2,"minecraft:oak_planks":13,"minecraft:stone_hoe":10,"minecraft:oak_slab":12,"minecraft:quartz":2,"minecraft:dandelion":19,"minecraft:poisonous_potato":1,"minecraft:sand":1153,"minecraft:spider_eye":1,"minecraft:white_bed":6,"minecraft:jungle_slab":1,"minecraft:barrel":19,"minecraft:mossy_cobblestone":29,"minecraft:diamond_shovel":2,"minecraft:diamond":15,"minecraft:granite":1,"minecraft:bone_meal":1,"minecraft:oak_sapling":11,"minecraft:netherrack":140,"minecraft:coal":119,"minecraft:hopper":3,"minecraft:diamond_pickaxe":1},"minecraft:custom":{"minecraft:mob_kills":17,"minecraft:inspect_hopper":13,"minecraft:interact_with_crafting_table":71,"minecraft:open_barrel":5,"minecraft:bell_ring":6,"minecraft:leave_game":23,"minecraft:time_since_death":321388,"minecraft:climb_one_cm":6102,"minecraft:sprint_one_cm":918107,"minecraft:walk_one_cm":872660,"minecraft:damage_blocked_by_shield":357,"minecraft:drop":140,"minecraft:talked_to_villager":117,"minecraft:play_time":321388,"minecraft:sneak_time":7337,"minecraft:walk_under_water_one_cm":2878,"minecraft:jump":5999,"minecraft:walk_on_water_one_cm":8370,"minecraft:total_world_time":321388,"minecraft:interact_with_furnace":100,"minecraft:traded_with_villager":374,"minecraft:sleep_in_bed":18,"minecraft:time_since_rest":28758,"minecraft:damage_taken":1642,"minecraft:damage_dealt":3371,"minecraft:swim_one_cm":64046,"minecraft:fly_one_cm":1246193,"minecraft:open_chest":312,"minecraft:crouch_one_cm":28867,"minecraft:fall_one_cm":171674},"minecraft:killed":{"minecraft:spider":2,"minecraft:skeleton":1,"minecraft:cat":1,"minecraft:iron_golem":1,"minecraft:creeper":1,"minecraft:zombie":11}},"DataVersion":3953}