{"stats":{"minecraft:crafted":{"minecraft:oak_planks":148,"minecraft:smooth_stone":27,"minecraft:raw_iron":9,"minecraft:cobblestone_slab":18,"minecraft:stone_shovel":6,"minecraft:barrel":11,"minecraft:smooth_stone_slab":12,"minecraft:furnace":4,"minecraft:blast_furnace":1,"minecraft:yellow_bed":2,"minecraft:stone":91,"minecraft:bone_meal":387,"minecraft:diamond_shovel":4,"minecraft:glass":350,"minecraft:hopper":4,"minecraft:diamond_helmet":2,"minecraft:diamond_leggings":2,"minecraft:iron_axe":3,"minecraft:stone_pickaxe":1,"minecraft:chest":13,"minecraft:diamond_boots":2,"minecraft:cod_bucket":3,"minecraft:stone_hoe":21,"minecraft:wheat":864,"minecraft:cooked_beef":18,"minecraft:emerald":1014,"minecraft:crafting_table":1,"minecraft:wooden_pickaxe":1,"minecraft:iron_helmet":10,"minecraft:bell":16,"minecraft:oak_wood":12,"minecraft:stone_axe":1,"minecraft:jungle_slab":42,"minecraft:bread":384,"minecraft:air":0,"minecraft:jungle_planks":80,"minecraft:wooden_hoe":1,"minecraft:diamond_pickaxe":4,"minecraft:emerald_block":52,"minecraft:shield":12,"minecraft:stick":24,"minecraft:chainmail_boots":12,"minecraft:iron_ingot":80,"minecraft:iron_block":3,"minecraft:anvil":1,"minecraft:white_bed":1,"minecraft:diamond_chestplate":2},"minecraft:picked_up":{"minecraft:mud":1,"minecraft:crafting_table":1,"minecraft:wheat":9,"minecraft:azure_bluet":3,"minecraft:chest_minecart":1,"minecraft:yellow_wool":6,"minecraft:smithing_table":2,"minecraft:cornflower":5,"minecraft:oak_trapdoor":8,"minecraft:string":2863,"minecraft:iron_axe":1,"minecraft:smooth_stone":2,"minecraft:cartography_table":1,"minecraft:gold_nugget":214,"minecraft:cobbled_deepslate":78,"minecraft:cobblestone_slab":22,"minecraft:azalea":1,"minecraft:poppy":8,"minecraft:melon_slice":5,"minecraft:sugar_cane":19,"minecraft:furnace":3,"minecraft:stick":4,"minecraft:raw_iron":303,"minecraft:oak_door":7,"minecraft:composter":2,"minecraft:oak_fence":67,"minecraft:torch":43,"minecraft:diorite":15,"minecraft:carrot":1577,"minecraft:redstone":236,"minecraft:arrow":2,"minecraft:rotten_flesh":14,"minecraft:hay_block":96,"minecraft:armadillo_scute":1,"minecraft:mangrove_roots":1,"minecraft:glow_berries":1,"minecraft:rail":108,"minecraft:cod":2,"minecraft:white_wool":9,"minecraft:bone_block":43,"minecraft:cobblestone":806,"minecraft:oxeye_daisy":5,"minecraft:magma_cream":2,"minecraft:water_bucket":2,"minecraft:andesite":1,"minecraft:jungle_log":20,"minecraft:potato":128,"minecraft:tuff":9,"minecraft:oak_log":104,"minecraft:yellow_bed":12,"minecraft:gunpowder":2,"minecraft:cobblestone_stairs":3,"minecraft:dirt":5033,"minecraft:bone":3,"minecraft:bow":1,"minecraft:wheat_seeds":188,"minecraft:raw_gold":25,"minecraft:bell":4,"minecraft:iron_ingot":12,"minecraft:stripped_oak_wood":1,"minecraft:moss_block":2,"minecraft:stone_hoe":10,"minecraft:oak_planks":13,"minecraft:oak_slab":12,"minecraft:quartz":2,"minecraft:dandelion":37,"minecraft:raw_iron_block":1,"minecraft:poisonous_potato":1,"minecraft:gravel":4,"minecraft:sand":1153,"minecraft:white_bed":6,"minecraft:spider_eye":1,"minecraft:jungle_slab":1,"minecraft:barrel":19,"minecraft:mossy_cobblestone":29,"minecraft:diamond_shovel":2,"minecraft:pumpkin_seeds":2,"minecraft:diamond":25,"minecraft:granite":2,"minecraft:bone_meal":1,"minecraft:oak_sapling":11,"minecraft:netherrack":224,"minecraft:coal":150,"minecraft:hopper":4,"minecraft:diamond_pickaxe":1},"minecraft:used":{"minecraft:oak_fence":40,"minecraft:stone_shovel":755,"minecraft:chest":9,"minecraft:shield":24,"minecraft:stone":4,"minecraft:bell":2,"minecraft:stone_hoe":34,"minecraft:netherrack":20,"minecraft:torch":30,"minecraft:dirt":4311,"minecraft:anvil":1,"minecraft:hopper":8,"minecraft:carrot":523,"minecraft:jungle_slab":6,"minecraft:cod_bucket":3,"minecraft:oak_wood":10,"minecraft:iron_axe":165,"minecraft:barrel":24,"minecraft:beef":5,"minecraft:furnace":6,"minecraft:cooked_beef":18,"minecraft:potato":41,"minecraft:cobbled_deepslate":14,"minecraft:water_bucket":9,"minecraft:stone_pickaxe":36,"minecraft:wooden_pickaxe":16,"minecraft:cobblestone_slab":34,"minecraft:sugar_cane":18,"minecraft:sand":1,"minecraft:crafting_table":1,"minecraft:blast_furnace":1,"minecraft:white_bed":7,"minecraft:shears":1,"minecraft:oak_log":22,"minecraft:wooden_hoe":59,"minecraft:diamond_pickaxe":1854,"minecraft:diamond_shovel":5498,"minecraft:bread":74,"minecraft:map":2,"minecraft:string":18,"minecraft:melon_slice":4,"minecraft:stone_axe":193,"minecraft:cobblestone":131,"minecraft:smithing_table":2,"minecraft:bucket":11,"minecraft:smooth_stone_slab":2,"minecraft:yellow_bed":13,"minecraft:bone_meal":387,"minecraft:smooth_stone":14},"minecraft:broken":{"minecraft:diamond_shovel":2,"minecraft:diamond_pickaxe":1,"minecraft:iron_axe":1,"minecraft:stone_axe":1,"minecraft:wooden_hoe":1,"minecraft:stone_shovel":5},"minecraft:killed":{"minecraft:spider":3,"minecraft:cod":2,"minecraft:skeleton":2,"minecraft:cat":1,"minecraft:iron_golem":1,"minecraft:creeper":1,"minecraft:zombie":16},"minecraft:mined":{"minecraft:nether_gold_ore":51,"minecraft:tuff":12,"minecraft:white_bed":7,"minecraft:mossy_cobblestone":32,"minecraft:deepslate_diamond_ore":25,"minecraft:oak_door":7,"minecraft:jungle_slab":1,"minecraft:cobblestone_stairs":3,"minecraft:jungle_leaves":2,"minecraft:mangrove_roots":1,"minecraft:granite":3,"minecraft:grass_block":1788,"minecraft:jungle_log":21,"minecraft:cartography_table":1,"minecraft:composter":2,"minecraft:moss_block":2,"minecraft:hopper":4,"minecraft:oxeye_daisy":5,"minecraft:hay_block":65,"minecraft:smooth_stone":1,"minecraft:raw_iron_block":1,"minecraft:redstone_ore":3,"minecraft:oak_trapdoor":8,"minecraft:carrots":449,"minecraft:furnace":3,"minecraft:iron_ore":88,"minecraft:fire":15,"minecraft:barrel":19,"minecraft:andesite":1,"minecraft:azure_bluet":1,"minecraft:bell":2,"minecraft:potatoes":50,"minecraft:dirt_path":299,"minecraft:cobblestone_slab":22,"minecraft:deepslate_iron_ore":59,"minecraft:vine":21,"minecraft:rail":108,"minecraft:stone":569,"minecraft:white_wool":9,"minecraft:tripwire":13,"minecraft:deepslate_redstone_ore":50,"minecraft:oak_slab":12,"minecraft:brown_mushroom":1,"minecraft:glass_pane":13,"minecraft:dandelion":20,"minecraft:oak_fence":66,"minecraft:clay":1,"minecraft:crafting_table":1,"minecraft:cornflower":4,"minecraft:torch":8,"minecraft:short_grass":505,"minecraft:poppy":3,"minecraft:melon":1,"minecraft:nether_quartz_ore":2,"minecraft:tall_grass":44,"minecraft:cobblestone":203,"minecraft:deepslate_gold_ore":25,"minecraft:oak_planks":9,"minecraft:sugar_cane":9,"minecraft:diorite":15,"minecraft:wall_torch":2,"minecraft:mud":1,"minecraft:yellow_wool":6,"minecraft:wheat":46,"minecraft:stripped_oak_wood":1,"minecraft:yellow_bed":12,"minecraft:coal_ore":136,"minecraft:oak_log":106,"minecraft:gravel":4,"minecraft:sand":1150,"minecraft:dirt":2982,"minecraft:netherrack":275,"minecraft:oak_leaves":26,"minecraft:deepslate":72,"minecraft:fern":45},"minecraft:custom":{"minecraft:interact_with_smithing_table":1,"minecraft:mob_kills":27,"minecraft:interact_with_anvil":5,"minecraft:inspect_hopper":22,"minecraft:interact_with_crafting_table":83,"minecraft:open_barrel":32,"minecraft:bell_ring":6,"minecraft:leave_game":41,"minecraft:time_since_death":425629,"minecraft:climb_one_cm":6886,"minecraft:sprint_one_cm":1247033,"minecraft:walk_one_cm":1227206,"minecraft:damage_blocked_by_shield":906,"minecraft:drop":188,"minecraft:talked_to_villager":171,"minecraft:play_time":425629,"minecraft:sneak_time":8729,"minecraft:walk_under_water_one_cm":2992,"minecraft:jump":7807,"minecraft:walk_on_water_one_cm":9187,"minecraft:total_world_time":425629,"minecraft:interact_with_furnace":163,"minecraft:traded_with_villager":690,"minecraft:sleep_in_bed":25,"minecraft:time_since_rest":3340,"minecraft:damage_taken":2167,"minecraft:damage_dealt":4744,"minecraft:swim_one_cm":64634,"minecraft:fly_one_cm":1551009,"minecraft:open_chest":432,"minecraft:crouch_one_cm":33089,"minecraft:fall_one_cm":205710},"minecraft:dropped":{"minecraft:stone_hoe":31,"minecraft:bread":280,"minecraft:wheat_seeds":115,"minecraft:moss_block":2,"minecraft:golden_axe":1,"minecraft:iron_helmet":10,"minecraft:cobblestone":33,"minecraft:granite":2,"minecraft:oxeye_daisy":3,"minecraft:dirt":333,"minecraft:diorite":6,"minecraft:torch":2,"minecraft:cornflower":3,"minecraft:bone_meal":1,"minecraft:armadillo_scute":1,"minecraft:iron_axe":3,"minecraft:mud":1,"minecraft:string":4,"minecraft:bucket":1,"minecraft:bone":1,"minecraft:dandelion":36,"minecraft:sugar_cane":1,"minecraft:mangrove_roots":1,"minecraft:wheat":2,"minecraft:tuff":9,"minecraft:stone_shovel":1,"minecraft:raw_iron":156,"minecraft:rotten_flesh":5,"minecraft:diamond_shovel":1,"minecraft:golden_shovel":1,"minecraft:azure_bluet":3,"minecraft:carrot":566,"minecraft:pumpkin_seeds":2,"minecraft:poppy":4,"minecraft:leather_chestplate":1,"minecraft:stone":25,"minecraft:gunpowder":2,"minecraft:azalea":1,"minecraft:leather_boots":1,"minecraft:oak_sapling":11,"minecraft:chainmail_boots":12,"minecraft:leather_leggings":1,"minecraft:arrow":2,"minecraft:bow":1,"minecraft:bell":14,"minecraft:netherrack":7}},"DataVersion":3953}