{"stats":{"minecraft:killed":{"minecraft:pig":2},"minecraft:used":{"minecraft:stone_shovel":40,"minecraft:bread":3,"minecraft:wooden_pickaxe":22,"minecraft:stone_axe":24,"minecraft:crafting_table":1,"minecraft:porkchop":3,"minecraft:birch_log":6},"minecraft:mined":{"minecraft:hay_block":43,"minecraft:birch_log":25,"minecraft:birch_leaves":7,"minecraft:dandelion":1,"minecraft:crafting_table":1,"minecraft:short_grass":13,"minecraft:grass_block":24,"minecraft:dirt":5,"minecraft:tall_grass":1,"minecraft:stone":20},"minecraft:custom":{"minecraft:time_since_rest":2703,"minecraft:interact_with_smithing_table":1,"minecraft:sprint_one_cm":65878,"minecraft:damage_taken":100,"minecraft:walk_one_cm":29585,"minecraft:mob_kills":2,"minecraft:drop":2,"minecraft:damage_dealt":253,"minecraft:swim_one_cm":3466,"minecraft:interact_with_crafting_table":2,"minecraft:fly_one_cm":87281,"minecraft:open_chest":2,"minecraft:crouch_one_cm":398,"minecraft:play_time":19426,"minecraft:sneak_time":146,"minecraft:walk_under_water_one_cm":167,"minecraft:jump":431,"minecraft:time_since_death":19426,"minecraft:leave_game":3,"minecraft:walk_on_water_one_cm":1489,"minecraft:sleep_in_bed":1,"minecraft:total_world_time":19426,"minecraft:fall_one_cm":13319},"minecraft:picked_up":{"minecraft:birch_log":25,"minecraft:stick":1,"minecraft:crafting_table":1,"minecraft:azure_bluet":1,"minecraft:dandelion":8,"minecraft:porkchop":3,"minecraft:dirt":29,"minecraft:hay_block":42,"minecraft:poppy":1,"minecraft:cobblestone":20},"minecraft:dropped":{"minecraft:birch_log":1,"minecraft:stick":1},"minecraft:crafted":{"minecraft:stone_shovel":1,"minecraft:crafting_table":1,"minecraft:stick":8,"minecraft:wooden_pickaxe":1,"minecraft:stone_pickaxe":1,"minecraft:birch_planks":40,"minecraft:stone_axe":1,"minecraft:wheat":81}},"DataVersion":3953}