{"stats":{"minecraft:crafted":{"minecraft:cobblestone_slab":18,"minecraft:stone_shovel":10,"minecraft:crafting_table":1,"minecraft:wooden_pickaxe":1,"minecraft:birch_planks":56,"minecraft:stone_axe":1,"minecraft:bread":126,"minecraft:stick":28,"minecraft:stone_pickaxe":1,"minecraft:chest":2,"minecraft:stone_hoe":1,"minecraft:wheat":378},"minecraft:broken":{"minecraft:stone_shovel":7},"minecraft:mined":{"minecraft:white_bed":2,"minecraft:dandelion":12,"minecraft:brewing_stand":2,"minecraft:crafting_table":1,"minecraft:short_grass":256,"minecraft:grass_block":534,"minecraft:chest":1,"minecraft:lectern":1,"minecraft:cobblestone":4,"minecraft:tall_grass":16,"minecraft:composter":1,"minecraft:oxeye_daisy":1,"minecraft:cauldron":2,"minecraft:hay_block":43,"minecraft:white_terracotta":5,"minecraft:oak_trapdoor":8,"minecraft:carrots":10,"minecraft:birch_log":26,"minecraft:wheat":15,"minecraft:birch_leaves":7,"minecraft:azure_bluet":44,"minecraft:bell":2,"minecraft:cobblestone_slab":14,"minecraft:bookshelf":4,"minecraft:potatoes":5,"minecraft:oak_log":5,"minecraft:water_cauldron":4,"minecraft:beetroots":1,"minecraft:dirt_path":71,"minecraft:dirt":327,"minecraft:stone":40,"minecraft:oak_leaves":1},"minecraft:dropped":{"minecraft:bread":64,"minecraft:azure_bluet":44,"minecraft:stick":1,"minecraft:oxeye_daisy":1,"minecraft:cornflower":1,"minecraft:rabbit":1,"minecraft:birch_log":1},"minecraft:killed_by":{"minecraft:player":1,"minecraft:creeper":2},"minecraft:used":{"minecraft:stone_shovel":1085,"minecraft:stone_pickaxe":100,"minecraft:wooden_pickaxe":22,"minecraft:white_terracotta":1,"minecraft:chest":3,"minecraft:shield":8,"minecraft:cauldron":2,"minecraft:bell":1,"minecraft:cobblestone_slab":22,"minecraft:brewing_stand":1,"minecraft:dirt":176,"minecraft:crafting_table":2,"minecraft:carrot":22,"minecraft:white_bed":4,"minecraft:apple":4,"minecraft:bread":27,"minecraft:stone_axe":157,"minecraft:porkchop":3,"minecraft:birch_log":6},"minecraft:killed":{"minecraft:pig":2,"minecraft:spider":1,"minecraft:skeleton":3,"minecraft:zombie":1},"minecraft:custom":{"minecraft:interact_with_smithing_table":1,"minecraft:mob_kills":7,"minecraft:interact_with_crafting_table":11,"minecraft:bell_ring":33,"minecraft:leave_game":13,"minecraft:time_since_death":9173,"minecraft:sleep_in_bed":4,"minecraft:time_since_rest":9201,"minecraft:sprint_one_cm":340562,"minecraft:damage_taken":1905,"minecraft:walk_one_cm":200858,"minecraft:damage_blocked_by_shield":1228,"minecraft:drop":7,"minecraft:damage_dealt":1636,"minecraft:swim_one_cm":5021,"minecraft:talked_to_villager":5,"minecraft:fly_one_cm":422887,"minecraft:open_chest":11,"minecraft:crouch_one_cm":7383,"minecraft:play_time":77123,"minecraft:deaths":3,"minecraft:sneak_time":1748,"minecraft:walk_under_water_one_cm":221,"minecraft:jump":2032,"minecraft:walk_on_water_one_cm":5543,"minecraft:total_world_time":77123,"minecraft:fall_one_cm":77022},"minecraft:picked_up":{"minecraft:birch_log":35,"minecraft:crafting_table":2,"minecraft:wheat":81,"minecraft:azure_bluet":96,"minecraft:wooden_pickaxe":1,"minecraft:potato":15,"minecraft:birch_planks":37,"minecraft:oak_log":10,"minecraft:brewing_stand":3,"minecraft:shield":2,"minecraft:cornflower":1,"minecraft:oak_trapdoor":16,"minecraft:dirt":1680,"minecraft:bone":10,"minecraft:wheat_seeds":70,"minecraft:bell":2,"minecraft:stone_pickaxe":2,"minecraft:cobblestone_slab":14,"minecraft:poppy":4,"minecraft:rabbit":1,"minecraft:lectern":2,"minecraft:chest":1,"minecraft:stone_hoe":1,"minecraft:book":12,"minecraft:stick":3,"minecraft:composter":2,"minecraft:dandelion":51,"minecraft:porkchop":3,"minecraft:white_bed":4,"minecraft:carrot":22,"minecraft:cauldron":6,"minecraft:stone_shovel":1,"minecraft:arrow":6,"minecraft:stone_axe":2,"minecraft:beetroot_seeds":1,"minecraft:hay_block":75,"minecraft:bread":44,"minecraft:white_terracotta":9,"minecraft:cobblestone":63,"minecraft:oxeye_daisy":1}},"DataVersion":3953}