{"stats":{"minecraft:killed":{"minecraft:spider":1,"minecraft:skeleton":7,"minecraft:pig":2,"minecraft:iron_golem":1,"minecraft:pillager":1,"minecraft:zombie":3},"minecraft:picked_up":{"minecraft:charcoal":16,"minecraft:iron_chestplate":1,"minecraft:crafting_table":2,"minecraft:wheat":81,"minecraft:azure_bluet":123,"minecraft:suspicious_stew":4,"minecraft:diamond_sword":1,"minecraft:wooden_pickaxe":1,"minecraft:brewing_stand":3,"minecraft:shield":3,"minecraft:cornflower":1,"minecraft:string":1197,"minecraft:oak_trapdoor":16,"minecraft:iron_axe":1,"minecraft:iron_leggings":1,"minecraft:iron_shovel":1,"minecraft:diamond_leggings":1,"minecraft:spruce_planks":1,"minecraft:redstone_torch":1,"minecraft:cobblestone_slab":17,"minecraft:poppy":15,"minecraft:lectern":2,"minecraft:chest":5,"minecraft:stick":10,"minecraft:composter":5,"minecraft:torch":1,"minecraft:bowl":1,"minecraft:porkchop":3,"minecraft:cookie":295,"minecraft:pointed_dripstone":3,"minecraft:diorite":21,"minecraft:carrot":307,"minecraft:redstone":9,"minecraft:cauldron":6,"minecraft:rotten_flesh":6,"minecraft:arrow":13,"minecraft:stone_shovel":1,"minecraft:beetroot_seeds":2,"minecraft:shears":1,"minecraft:hay_block":75,"minecraft:white_terracotta":9,"minecraft:cobblestone":112,"minecraft:oxeye_daisy":2,"minecraft:birch_log":35,"minecraft:repeater":2,"minecraft:potato":15,"minecraft:birch_planks":37,"minecraft:oak_log":25,"minecraft:dirt":2166,"minecraft:bone":19,"minecraft:wheat_seeds":245,"minecraft:bell":2,"minecraft:iron_ingot":36,"minecraft:stone_pickaxe":2,"minecraft:rabbit":1,"minecraft:stone_hoe":1,"minecraft:book":12,"minecraft:dandelion":77,"minecraft:dripstone_block":4,"minecraft:sand":10,"minecraft:dropper":1,"minecraft:white_bed":5,"minecraft:dispenser":4,"minecraft:diamond":3,"minecraft:stone_axe":2,"minecraft:bone_meal":3,"minecraft:emerald":11,"minecraft:bread":207,"minecraft:oak_sapling":3,"minecraft:hopper":4,"minecraft:diamond_pickaxe":2},"minecraft:custom":{"minecraft:interact_with_smithing_table":1,"minecraft:inspect_dropper":2,"minecraft:mob_kills":15,"minecraft:inspect_hopper":7,"minecraft:interact_with_crafting_table":35,"minecraft:bell_ring":33,"minecraft:leave_game":79,"minecraft:time_since_death":16312,"minecraft:sprint_one_cm":664816,"minecraft:walk_one_cm":401428,"minecraft:damage_blocked_by_shield":3171,"minecraft:drop":35,"minecraft:talked_to_villager":51,"minecraft:play_time":202798,"minecraft:deaths":7,"minecraft:sneak_time":5002,"minecraft:walk_under_water_one_cm":7220,"minecraft:jump":4376,"minecraft:walk_on_water_one_cm":29796,"minecraft:total_world_time":202798,"minecraft:interact_with_furnace":2,"minecraft:traded_with_villager":260,"minecraft:sleep_in_bed":11,"minecraft:time_since_rest":10478,"minecraft:damage_taken":4679,"minecraft:damage_dealt":4391,"minecraft:swim_one_cm":53961,"minecraft:fly_one_cm":845242,"minecraft:open_chest":90,"minecraft:crouch_one_cm":17392,"minecraft:fall_one_cm":160416,"minecraft:inspect_dispenser":6},"minecraft:killed_by":{"minecraft:player":2,"minecraft:creeper":3,"minecraft:skeleton":1},"minecraft:broken":{"minecraft:shield":1,"minecraft:stone_axe":1,"minecraft:stone_shovel":10},"minecraft:crafted":{"minecraft:cookie":414,"minecraft:oak_planks":68,"minecraft:cobblestone_slab":18,"minecraft:stone_shovel":10,"minecraft:bone_meal":39,"minecraft:diamond_shovel":1,"minecraft:hopper":2,"minecraft:stone_pickaxe":1,"minecraft:chest":7,"minecraft:stone_hoe":1,"minecraft:wheat":378,"minecraft:red_dye":1,"minecraft:emerald":144,"minecraft:crafting_table":1,"minecraft:wooden_pickaxe":1,"minecraft:red_bed":1,"minecraft:bucket":1,"minecraft:birch_planks":56,"minecraft:stone_axe":1,"minecraft:bread":684,"minecraft:white_wool":27,"minecraft:diamond_pickaxe":1,"minecraft:stick":36,"minecraft:white_bed":9},"minecraft:mined":{"minecraft:white_bed":3,"minecraft:oak_sapling":1,"minecraft:brewing_stand":2,"minecraft:grass_block":715,"minecraft:redstone_wire":6,"minecraft:composter":4,"minecraft:hopper":5,"minecraft:oxeye_daisy":2,"minecraft:large_fern":2,"minecraft:hay_block":43,"minecraft:oak_trapdoor":8,"minecraft:carrots":102,"minecraft:azure_bluet":61,"minecraft:bell":2,"minecraft:bookshelf":4,"minecraft:potatoes":5,"minecraft:cobblestone_slab":17,"minecraft:water_cauldron":4,"minecraft:dirt_path":95,"minecraft:stone":85,"minecraft:tripwire":6,"minecraft:dandelion":37,"minecraft:crafting_table":1,"minecraft:torch":1,"minecraft:short_grass":359,"minecraft:poppy":1,"minecraft:chest":5,"minecraft:lectern":1,"minecraft:cobblestone":5,"minecraft:tall_grass":20,"minecraft:diorite":23,"minecraft:cauldron":2,"minecraft:white_terracotta":5,"minecraft:repeater":2,"minecraft:birch_log":26,"minecraft:redstone_torch":1,"minecraft:wheat":15,"minecraft:birch_leaves":7,"minecraft:oak_log":20,"minecraft:beetroots":1,"minecraft:dripstone_block":2,"minecraft:sand":10,"minecraft:dirt":607,"minecraft:dispenser":3,"minecraft:oak_leaves":10},"minecraft:used":{"minecraft:oak_trapdoor":1,"minecraft:dispenser":2,"minecraft:stone_shovel":1474,"minecraft:chest":10,"minecraft:shield":31,"minecraft:white_terracotta":1,"minecraft:bell":1,"minecraft:stone_hoe":92,"minecraft:brewing_stand":1,"minecraft:dirt":401,"minecraft:hopper":5,"minecraft:carrot":175,"minecraft:axolotl_bucket":1,"minecraft:oak_sapling":1,"minecraft:water_bucket":4,"minecraft:stone_pickaxe":159,"minecraft:wooden_pickaxe":22,"minecraft:composter":3,"minecraft:cauldron":2,"minecraft:cobblestone_slab":24,"minecraft:cookie":5,"minecraft:sand":8,"minecraft:crafting_table":2,"minecraft:red_bed":1,"minecraft:white_bed":13,"minecraft:dripstone_block":2,"minecraft:diamond_pickaxe":49,"minecraft:apple":6,"minecraft:diamond_shovel":73,"minecraft:bread":72,"minecraft:string":7,"minecraft:suspicious_stew":2,"minecraft:stone_axe":207,"minecraft:cobblestone":15,"minecraft:porkchop":3,"minecraft:bucket":5,"minecraft:birch_log":6,"minecraft:bone_meal":103},"minecraft:dropped":{"minecraft:bread":660,"minecraft:iron_ingot":5,"minecraft:wheat_seeds":111,"minecraft:dripstone_block":2,"minecraft:cobblestone":16,"minecraft:stick":1,"minecraft:oxeye_daisy":1,"minecraft:diorite":11,"minecraft:dispenser":1,"minecraft:cornflower":1,"minecraft:rabbit":1,"minecraft:string":221,"minecraft:birch_log":1,"minecraft:bowl":2,"minecraft:composter":1,"minecraft:pointed_dripstone":1,"minecraft:azure_bluet":44,"minecraft:poppy":3,"minecraft:hopper":1}},"DataVersion":3953}