{"stats":{"minecraft:crafted":{"minecraft:cobblestone_slab":18,"minecraft:stone_shovel":10,"minecraft:crafting_table":1,"minecraft:wooden_pickaxe":1,"minecraft:birch_planks":56,"minecraft:stone_axe":1,"minecraft:bread":126,"minecraft:stick":28,"minecraft:stone_pickaxe":1,"minecraft:chest":2,"minecraft:stone_hoe":1,"minecraft:wheat":378},"minecraft:broken":{"minecraft:stone_shovel":7},"minecraft:mined":{"minecraft:white_bed":2,"minecraft:dandelion":13,"minecraft:brewing_stand":2,"minecraft:crafting_table":1,"minecraft:short_grass":271,"minecraft:grass_block":557,"minecraft:chest":1,"minecraft:lectern":1,"minecraft:cobblestone":4,"minecraft:tall_grass":19,"minecraft:composter":1,"minecraft:oxeye_daisy":1,"minecraft:cauldron":2,"minecraft:large_fern":2,"minecraft:hay_block":43,"minecraft:white_terracotta":5,"minecraft:oak_trapdoor":8,"minecraft:carrots":10,"minecraft:birch_log":26,"minecraft:wheat":15,"minecraft:birch_leaves":7,"minecraft:azure_bluet":49,"minecraft:bell":2,"minecraft:cobblestone_slab":14,"minecraft:bookshelf":4,"minecraft:potatoes":5,"minecraft:oak_log":5,"minecraft:water_cauldron":4,"minecraft:beetroots":1,"minecraft:dirt_path":79,"minecraft:dirt":404,"minecraft:stone":53,"minecraft:oak_leaves":1},"minecraft:dropped":{"minecraft:bread":64,"minecraft:azure_bluet":44,"minecraft:stick":1,"minecraft:oxeye_daisy":1,"minecraft:cornflower":1,"minecraft:rabbit":1,"minecraft:birch_log":1},"minecraft:killed_by":{"minecraft:player":1,"minecraft:creeper":2},"minecraft:used":{"minecraft:stone_shovel":1194,"minecraft:stone_pickaxe":113,"minecraft:wooden_pickaxe":22,"minecraft:white_terracotta":1,"minecraft:chest":3,"minecraft:shield":14,"minecraft:cauldron":2,"minecraft:bell":1,"minecraft:cobblestone_slab":22,"minecraft:brewing_stand":1,"minecraft:dirt":233,"minecraft:crafting_table":2,"minecraft:carrot":22,"minecraft:white_bed":4,"minecraft:apple":4,"minecraft:bread":36,"minecraft:stone_axe":170,"minecraft:porkchop":3,"minecraft:birch_log":6},"minecraft:killed":{"minecraft:pig":2,"minecraft:spider":1,"minecraft:skeleton":5,"minecraft:pillager":1,"minecraft:zombie":2},"minecraft:custom":{"minecraft:interact_with_smithing_table":1,"minecraft:mob_kills":11,"minecraft:interact_with_crafting_table":11,"minecraft:bell_ring":33,"minecraft:leave_game":13,"minecraft:time_since_death":21173,"minecraft:sleep_in_bed":4,"minecraft:time_since_rest":21201,"minecraft:sprint_one_cm":399582,"minecraft:damage_taken":2255,"minecraft:walk_one_cm":221536,"minecraft:damage_blocked_by_shield":1588,"minecraft:drop":7,"minecraft:damage_dealt":2466,"minecraft:swim_one_cm":8809,"minecraft:talked_to_villager":5,"minecraft:fly_one_cm":504422,"minecraft:open_chest":12,"minecraft:crouch_one_cm":9001,"minecraft:play_time":89123,"minecraft:deaths":3,"minecraft:sneak_time":2306,"minecraft:walk_under_water_one_cm":245,"minecraft:jump":2434,"minecraft:walk_on_water_one_cm":6099,"minecraft:total_world_time":89123,"minecraft:fall_one_cm":89521},"minecraft:picked_up":{"minecraft:birch_log":35,"minecraft:crafting_table":2,"minecraft:wheat":81,"minecraft:azure_bluet":101,"minecraft:wooden_pickaxe":1,"minecraft:potato":15,"minecraft:birch_planks":37,"minecraft:oak_log":10,"minecraft:brewing_stand":3,"minecraft:shield":2,"minecraft:cornflower":1,"minecraft:oak_trapdoor":16,"minecraft:dirt":1788,"minecraft:bone":12,"minecraft:wheat_seeds":72,"minecraft:bell":2,"minecraft:stone_pickaxe":2,"minecraft:cobblestone_slab":14,"minecraft:poppy":4,"minecraft:rabbit":1,"minecraft:lectern":2,"minecraft:chest":1,"minecraft:stone_hoe":1,"minecraft:book":12,"minecraft:stick":3,"minecraft:composter":2,"minecraft:dandelion":52,"minecraft:porkchop":3,"minecraft:white_bed":4,"minecraft:carrot":22,"minecraft:cauldron":6,"minecraft:rotten_flesh":2,"minecraft:stone_shovel":1,"minecraft:arrow":7,"minecraft:stone_axe":2,"minecraft:beetroot_seeds":1,"minecraft:hay_block":75,"minecraft:bread":44,"minecraft:white_terracotta":9,"minecraft:cobblestone":76,"minecraft:oxeye_daisy":1}},"DataVersion":3953}