{"stats":{"minecraft:broken":{"minecraft:iron_axe":1,"minecraft:stone_axe":1,"minecraft:wooden_hoe":1,"minecraft:stone_shovel":5},"minecraft:used":{"minecraft:oak_fence":40,"minecraft:stone_shovel":755,"minecraft:chest":3,"minecraft:bell":2,"minecraft:stone_hoe":34,"minecraft:torch":19,"minecraft:dirt":586,"minecraft:hopper":2,"minecraft:carrot":377,"minecraft:jungle_slab":6,"minecraft:oak_wood":10,"minecraft:iron_axe":165,"minecraft:barrel":24,"minecraft:beef":5,"minecraft:furnace":3,"minecraft:cooked_beef":3,"minecraft:potato":41,"minecraft:water_bucket":5,"minecraft:stone_pickaxe":36,"minecraft:wooden_pickaxe":16,"minecraft:sugar_cane":18,"minecraft:cobblestone_slab":31,"minecraft:crafting_table":1,"minecraft:blast_furnace":1,"minecraft:white_bed":5,"minecraft:shears":1,"minecraft:oak_log":22,"minecraft:wooden_hoe":59,"minecraft:diamond_pickaxe":402,"minecraft:diamond_shovel":1250,"minecraft:bread":48,"minecraft:melon_slice":4,"minecraft:map":2,"minecraft:string":15,"minecraft:stone_axe":193,"minecraft:cobblestone":12,"minecraft:smithing_table":2,"minecraft:bucket":4,"minecraft:smooth_stone_slab":2,"minecraft:yellow_bed":12,"minecraft:bone_meal":387,"minecraft:smooth_stone":14},"minecraft:dropped":{"minecraft:stone_hoe":23,"minecraft:bread":216,"minecraft:wheat_seeds":75,"minecraft:iron_helmet":10,"minecraft:cobblestone":6,"minecraft:granite":1,"minecraft:oxeye_daisy":3,"minecraft:dirt":229,"minecraft:torch":2,"minecraft:cornflower":3,"minecraft:bone_meal":1,"minecraft:string":2,"minecraft:bucket":1,"minecraft:bone":1,"minecraft:dandelion":16,"minecraft:stone_shovel":1,"minecraft:rotten_flesh":5,"minecraft:diamond_shovel":1,"minecraft:carrot":128,"minecraft:poppy":3,"minecraft:leather_chestplate":1,"minecraft:gunpowder":1,"minecraft:oak_sapling":11,"minecraft:leather_boots":1,"minecraft:chainmail_boots":12,"minecraft:leather_leggings":1,"minecraft:arrow":2},"minecraft:mined":{"minecraft:white_bed":6,"minecraft:mossy_cobblestone":32,"minecraft:oak_door":7,"minecraft:jungle_slab":1,"minecraft:cobblestone_stairs":3,"minecraft:jungle_leaves":2,"minecraft:grass_block":723,"minecraft:jungle_log":21,"minecraft:hopper":1,"minecraft:cartography_table":1,"minecraft:composter":2,"minecraft:oxeye_daisy":3,"minecraft:hay_block":23,"minecraft:smooth_stone":1,"minecraft:oak_trapdoor":8,"minecraft:carrots":304,"minecraft:barrel":19,"minecraft:bell":2,"minecraft:potatoes":25,"minecraft:vine":20,"minecraft:dirt_path":201,"minecraft:cobblestone_slab":19,"minecraft:stone":154,"minecraft:white_wool":6,"minecraft:tripwire":9,"minecraft:oak_slab":12,"minecraft:glass_pane":13,"minecraft:dandelion":16,"minecraft:crafting_table":1,"minecraft:oak_fence":66,"minecraft:cornflower":3,"minecraft:torch":4,"minecraft:short_grass":336,"minecraft:poppy":3,"minecraft:melon":1,"minecraft:tall_grass":19,"minecraft:cobblestone":196,"minecraft:oak_planks":9,"minecraft:sugar_cane":9,"minecraft:wall_torch":1,"minecraft:yellow_wool":6,"minecraft:wheat":45,"minecraft:stripped_oak_wood":1,"minecraft:yellow_bed":11,"minecraft:oak_log":106,"minecraft:dirt":1050,"minecraft:oak_leaves":26,"minecraft:fern":45},"minecraft:crafted":{"minecraft:smooth_stone":27,"minecraft:oak_planks":64,"minecraft:cobblestone_slab":18,"minecraft:stone_shovel":6,"minecraft:barrel":11,"minecraft:smooth_stone_slab":12,"minecraft:furnace":4,"minecraft:blast_furnace":1,"minecraft:stone":84,"minecraft:yellow_bed":2,"minecraft:bone_meal":387,"minecraft:hopper":1,"minecraft:diamond_helmet":2,"minecraft:diamond_leggings":2,"minecraft:stone_pickaxe":1,"minecraft:chest":4,"minecraft:diamond_boots":2,"minecraft:stone_hoe":13,"minecraft:wheat":495,"minecraft:cooked_beef":18,"minecraft:emerald":442,"minecraft:crafting_table":1,"minecraft:wooden_pickaxe":1,"minecraft:iron_helmet":10,"minecraft:bell":2,"minecraft:oak_wood":12,"minecraft:stone_axe":1,"minecraft:jungle_slab":42,"minecraft:bread":261,"minecraft:air":0,"minecraft:jungle_planks":80,"minecraft:wooden_hoe":1,"minecraft:emerald_block":52,"minecraft:shield":12,"minecraft:stick":24,"minecraft:iron_ingot":16,"minecraft:chainmail_boots":12,"minecraft:white_bed":1,"minecraft:diamond_chestplate":2},"minecraft:picked_up":{"minecraft:crafting_table":1,"minecraft:wheat":8,"minecraft:yellow_wool":6,"minecraft:smithing_table":2,"minecraft:cornflower":3,"minecraft:string":2601,"minecraft:oak_trapdoor":8,"minecraft:iron_axe":1,"minecraft:cartography_table":1,"minecraft:smooth_stone":2,"minecraft:cobblestone_slab":19,"minecraft:poppy":5,"minecraft:melon_slice":5,"minecraft:sugar_cane":19,"minecraft:stick":4,"minecraft:oak_door":7,"minecraft:composter":2,"minecraft:oak_fence":67,"minecraft:torch":30,"minecraft:carrot":1036,"minecraft:arrow":2,"minecraft:rotten_flesh":6,"minecraft:hay_block":55,"minecraft:armadillo_scute":1,"minecraft:cobblestone":337,"minecraft:white_wool":6,"minecraft:bone_block":43,"minecraft:oxeye_daisy":3,"minecraft:water_bucket":2,"minecraft:jungle_log":20,"minecraft:potato":44,"minecraft:oak_log":104,"minecraft:yellow_bed":11,"minecraft:gunpowder":1,"minecraft:cobblestone_stairs":3,"minecraft:dirt":1971,"minecraft:bone":1,"minecraft:wheat_seeds":138,"minecraft:bell":2,"minecraft:iron_ingot":3,"minecraft:stripped_oak_wood":1,"minecraft:stone_hoe":10,"minecraft:oak_planks":13,"minecraft:oak_slab":12,"minecraft:dandelion":16,"minecraft:poisonous_potato":1,"minecraft:white_bed":5,"minecraft:jungle_slab":1,"minecraft:barrel":19,"minecraft:mossy_cobblestone":29,"minecraft:diamond_shovel":2,"minecraft:granite":1,"minecraft:bone_meal":1,"minecraft:oak_sapling":11,"minecraft:coal":14,"minecraft:hopper":1,"minecraft:diamond_pickaxe":1},"minecraft:custom":{"minecraft:mob_kills":12,"minecraft:inspect_hopper":7,"minecraft:interact_with_crafting_table":60,"minecraft:open_barrel":5,"minecraft:bell_ring":6,"minecraft:leave_game":19,"minecraft:time_since_death":234318,"minecraft:climb_one_cm":4773,"minecraft:sprint_one_cm":627439,"minecraft:walk_one_cm":618879,"minecraft:drop":121,"minecraft:talked_to_villager":107,"minecraft:play_time":234318,"minecraft:sneak_time":4819,"minecraft:walk_under_water_one_cm":2068,"minecraft:jump":4141,"minecraft:walk_on_water_one_cm":5122,"minecraft:total_world_time":234318,"minecraft:interact_with_furnace":72,"minecraft:traded_with_villager":370,"minecraft:sleep_in_bed":13,"minecraft:time_since_rest":8887,"minecraft:damage_taken":1103,"minecraft:damage_dealt":2466,"minecraft:swim_one_cm":45539,"minecraft:fly_one_cm":850611,"minecraft:open_chest":234,"minecraft:crouch_one_cm":19625,"minecraft:fall_one_cm":112719},"minecraft:killed":{"minecraft:skeleton":1,"minecraft:cat":1,"minecraft:iron_golem":1,"minecraft:creeper":1,"minecraft:zombie":8}},"DataVersion":3953}