{"stats":{"minecraft:broken":{"minecraft:stone_sword":1,"minecraft:wooden_axe":1,"minecraft:wooden_pickaxe":1},"minecraft:used":{"minecraft:stone_sword":41,"minecraft:stone_pickaxe":174,"minecraft:wooden_pickaxe":41,"minecraft:salmon":4,"minecraft:torch":21,"minecraft:dirt":6,"minecraft:mutton":17,"minecraft:crafting_table":7,"minecraft:carrot":1,"minecraft:campfire":6,"minecraft:white_bed":6,"minecraft:shears":1,"minecraft:wooden_axe":95,"minecraft:diamond_pickaxe":71,"minecraft:diamond_shovel":88,"minecraft:bread":5,"minecraft:string":8,"minecraft:chicken":3,"minecraft:iron_pickaxe":41,"minecraft:jungle_log":1,"minecraft:stone_axe":32,"minecraft:fishing_rod":4,"minecraft:beef":12,"minecraft:furnace":1,"minecraft:yellow_bed":1,"minecraft:cobbled_deepslate":2},"minecraft:dropped":{"minecraft:gravel":2,"minecraft:sugar_cane":1,"minecraft:wheat_seeds":4,"minecraft:feather":5,"minecraft:cobblestone":2,"minecraft:jungle_log":3,"minecraft:stone_pickaxe":1,"minecraft:acacia_planks":1},"minecraft:mined":{"minecraft:deepslate_redstone_ore":5,"minecraft:white_bed":6,"minecraft:glow_lichen":3,"minecraft:crafting_table":6,"minecraft:torch":2,"minecraft:short_grass":105,"minecraft:acacia_log":2,"minecraft:grass_block":35,"minecraft:melon":16,"minecraft:jungle_log":42,"minecraft:campfire":1,"minecraft:tall_grass":1,"minecraft:sugar_cane":12,"minecraft:wall_torch":3,"minecraft:seagrass":1,"minecraft:tall_seagrass":1,"minecraft:furnace":1,"minecraft:carrots":1,"minecraft:wheat":1,"minecraft:pumpkin":8,"minecraft:bee_nest":1,"minecraft:oak_log":51,"minecraft:dirt_path":2,"minecraft:cocoa":2,"minecraft:vine":9,"minecraft:gravel":2,"minecraft:sand":3,"minecraft:dirt":95,"minecraft:stone":237,"minecraft:oak_leaves":5,"minecraft:tripwire":3,"minecraft:deepslate":14,"minecraft:fern":12},"minecraft:crafted":{"minecraft:oak_planks":44,"minecraft:emerald":182,"minecraft:fishing_rod":1,"minecraft:crafting_table":3,"minecraft:furnace":1,"minecraft:campfire":13,"minecraft:stone_axe":2,"minecraft:bread":66,"minecraft:jungle_planks":40,"minecraft:diamond_pickaxe":1,"minecraft:charcoal":11,"minecraft:stick":40,"minecraft:iron_pickaxe":1,"minecraft:stone_pickaxe":2,"minecraft:wooden_axe":3,"minecraft:stone_sword":1,"minecraft:white_bed":1,"minecraft:acacia_planks":8,"minecraft:torch":16},"minecraft:picked_up":{"minecraft:charcoal":2,"minecraft:cocoa_beans":8,"minecraft:crafting_table":6,"minecraft:feather":5,"minecraft:chicken":3,"minecraft:salmon":6,"minecraft:jungle_log":53,"minecraft:leather_leggings":1,"minecraft:leather":11,"minecraft:oak_log":52,"minecraft:dirt":181,"minecraft:string":2848,"minecraft:compass":1,"minecraft:bone":3,"minecraft:wheat_seeds":7,"minecraft:cobbled_deepslate":12,"minecraft:bucket":1,"minecraft:iron_ingot":4,"minecraft:beef":12,"minecraft:melon_slice":65,"minecraft:sugar_cane":23,"minecraft:furnace":1,"minecraft:stick":6,"minecraft:pumpkin":7,"minecraft:torch":6,"minecraft:acacia_log":2,"minecraft:gravel":2,"minecraft:porkchop":15,"minecraft:sand":3,"minecraft:white_bed":6,"minecraft:carrot":8,"minecraft:redstone":24,"minecraft:diamond_shovel":4,"minecraft:stone_sword":1,"minecraft:emerald":483,"minecraft:bread":31,"minecraft:oak_sapling":1,"minecraft:mutton":14,"minecraft:white_wool":9,"minecraft:cobblestone":234,"minecraft:diamond_pickaxe":2},"minecraft:custom":{"minecraft:interact_with_smithing_table":1,"minecraft:interact_with_furnace":10,"minecraft:mob_kills":34,"minecraft:traded_with_villager":209,"minecraft:interact_with_crafting_table":17,"minecraft:interact_with_cartography_table":1,"minecraft:open_barrel":7,"minecraft:leave_game":2,"minecraft:time_since_death":9591,"minecraft:sleep_in_bed":9,"minecraft:climb_one_cm":1327,"minecraft:time_since_rest":9631,"minecraft:sprint_one_cm":294247,"minecraft:damage_taken":1285,"minecraft:walk_one_cm":254095,"minecraft:drop":10,"minecraft:damage_dealt":4028,"minecraft:swim_one_cm":34998,"minecraft:talked_to_villager":74,"minecraft:fly_one_cm":299173,"minecraft:open_chest":79,"minecraft:crouch_one_cm":2771,"minecraft:play_time":113618,"minecraft:deaths":3,"minecraft:sneak_time":837,"minecraft:walk_under_water_one_cm":22117,"minecraft:jump":1752,"minecraft:walk_on_water_one_cm":35682,"minecraft:total_world_time":113618,"minecraft:fish_caught":1,"minecraft:fall_one_cm":43590},"minecraft:killed_by":{"minecraft:zombie":1},"minecraft:killed":{"minecraft:pig":7,"minecraft:salmon":6,"minecraft:iron_golem":1,"minecraft:sheep":9,"minecraft:horse":1,"minecraft:skeleton":1,"minecraft:chicken":3,"minecraft:cow":6}},"DataVersion":3953}