{"stats":{"minecraft:mined":{"minecraft:tall_grass":3,"minecraft:short_grass":16},"minecraft:custom":{"minecraft:jump":232,"minecraft:open_chest":11,"minecraft:time_since_rest":5955,"minecraft:damage_dealt":67,"minecraft:crouch_one_cm":464,"minecraft:sprint_one_cm":16776,"minecraft:play_time":5955,"minecraft:damage_taken":110,"minecraft:time_since_death":5955,"minecraft:walk_one_cm":20805,"minecraft:sneak_time":202,"minecraft:total_world_time":5955,"minecraft:drop":2,"minecraft:talked_to_villager":1,"minecraft:fall_one_cm":4956,"minecraft:fly_one_cm":50373,"minecraft:horse_one_cm":137},"minecraft:picked_up":{"minecraft:wheat_seeds":2},"minecraft:dropped":{"minecraft:wheat_seeds":2}},"DataVersion":3953}