{"stats":{"minecraft:crafted":{"minecraft:grindstone":1,"minecraft:smooth_stone":3,"minecraft:oak_planks":36,"minecraft:chainmail_helmet":11,"minecraft:cobblestone_slab":24,"minecraft:barrel":11,"minecraft:birch_slab":12,"minecraft:stone":12,"minecraft:cobblestone_stairs":44,"minecraft:lever":3,"minecraft:diamond_shovel":3,"minecraft:bookshelf":36,"minecraft:suspicious_stew":7,"minecraft:iron_bars":16,"minecraft:hopper":6,"minecraft:glass":2,"minecraft:diamond_leggings":4,"minecraft:repeater":2,"minecraft:diamond_helmet":2,"minecraft:bow":1,"minecraft:chest":12,"minecraft:iron_door":3,"minecraft:stone_hoe":1,"minecraft:dropper":1,"minecraft:oak_slab":24,"minecraft:emerald":3973,"minecraft:cooked_porkchop":5,"minecraft:diamond_axe":1,"minecraft:crafting_table":5,"minecraft:spruce_planks":204,"minecraft:wooden_pickaxe":1,"minecraft:fletching_table":2,"minecraft:birch_planks":68,"minecraft:campfire":10,"minecraft:dispenser":1,"minecraft:apple":36,"minecraft:lectern":6,"minecraft:iron_chestplate":1,"minecraft:diamond_pickaxe":5,"minecraft:emerald_block":202,"minecraft:shield":2,"minecraft:stick":100,"minecraft:stone_slab":6,"minecraft:iron_ingot":100,"minecraft:iron_pickaxe":4,"minecraft:iron_block":11,"minecraft:stone_sword":1,"minecraft:redstone_torch":5,"minecraft:composter":1,"minecraft:shears":1,"minecraft:golden_carrot":72,"minecraft:cookie":18,"minecraft:stone_shovel":22,"minecraft:tripwire_hook":6,"minecraft:furnace":2,"minecraft:stone_button":2,"minecraft:blast_furnace":1,"minecraft:bone_meal":3,"minecraft:white_carpet":51,"minecraft:lantern":20,"minecraft:blue_ice":8,"minecraft:iron_axe":1,"minecraft:ladder":3,"minecraft:spruce_slab":36,"minecraft:stone_pickaxe":1,"minecraft:diamond_boots":2,"minecraft:red_dye":2,"minecraft:diamond_sword":1,"minecraft:red_bed":2,"minecraft:bucket":2,"minecraft:stone_axe":1,"minecraft:enchanted_book":32,"minecraft:bread":1108,"minecraft:air":0,"minecraft:white_wool":82,"minecraft:chainmail_boots":12,"minecraft:birch_trapdoor":2,"minecraft:iron_shovel":7,"minecraft:iron_leggings":10,"minecraft:anvil":3,"minecraft:white_bed":13,"minecraft:torch":172,"minecraft:diamond_chestplate":2},"minecraft:broken":{"minecraft:iron_shovel":1,"minecraft:stone_pickaxe":1,"minecraft:stone_axe":1,"minecraft:stone_shovel":2,"minecraft:leather_helmet":1,"minecraft:stone_sword":1,"minecraft:iron_axe":2,"minecraft:leather_boots":1,"minecraft:iron_pickaxe":1},"minecraft:mined":{"minecraft:white_bed":17,"minecraft:spruce_planks":1,"minecraft:oak_sapling":1,"minecraft:cobblestone_stairs":9,"minecraft:grass_block":423,"minecraft:composter":2,"minecraft:oxeye_daisy":2,"minecraft:iron_ore":56,"minecraft:barrel":42,"minecraft:fletching_table":7,"minecraft:azure_bluet":33,"minecraft:pointed_dripstone":1,"minecraft:dirt_path":2,"minecraft:iron_bars":3,"minecraft:tripwire":12,"minecraft:deepslate_redstone_ore":10,"minecraft:red_bed":1,"minecraft:clay":1,"minecraft:torch":10,"minecraft:poppy":2,"minecraft:chest":3,"minecraft:cobblestone":95,"minecraft:grindstone":2,"minecraft:oak_planks":20,"minecraft:sugar_cane":2,"minecraft:wall_torch":8,"minecraft:white_terracotta":1,"minecraft:birch_log":13,"minecraft:wheat":2,"minecraft:birch_trapdoor":2,"minecraft:oak_log":6,"minecraft:dirt":607,"minecraft:tripwire_hook":3,"minecraft:dispenser":4,"minecraft:oak_leaves":22,"minecraft:deepslate":25,"minecraft:tuff":4,"minecraft:deepslate_diamond_ore":37,"minecraft:ladder":3,"minecraft:redstone_wire":11,"minecraft:birch_slab":2,"minecraft:spruce_leaves":57,"minecraft:moss_block":1,"minecraft:redstone_ore":7,"minecraft:oak_trapdoor":1,"minecraft:spruce_sapling":2,"minecraft:furnace":4,"minecraft:bell":2,"minecraft:bookshelf":19,"minecraft:potatoes":2,"minecraft:vine":1,"minecraft:deepslate_iron_ore":19,"minecraft:cobblestone_slab":16,"minecraft:lantern":7,"minecraft:packed_ice":74,"minecraft:stone":716,"minecraft:smithing_table":2,"minecraft:oak_slab":11,"minecraft:dandelion":42,"minecraft:crafting_table":2,"minecraft:cornflower":1,"minecraft:short_grass":252,"minecraft:dropper":2,"minecraft:campfire":9,"minecraft:lectern":154,"minecraft:tall_grass":9,"minecraft:deepslate_gold_ore":13,"minecraft:redstone_torch":1,"minecraft:white_carpet":3,"minecraft:spruce_log":76,"minecraft:birch_leaves":2,"minecraft:yellow_bed":14,"minecraft:coal_ore":57,"minecraft:gravel":45,"minecraft:dripstone_block":3,"minecraft:fern":1},"minecraft:dropped":{"minecraft:glow_ink_sac":3,"minecraft:diamond":4,"minecraft:crafting_table":1,"minecraft:cookie":75,"minecraft:lantern":7,"minecraft:emerald":11,"minecraft:flint":1,"minecraft:dirt":84,"minecraft:cornflower":1,"minecraft:bone_meal":1,"minecraft:iron_pickaxe":2,"minecraft:bone":6,"minecraft:emerald_block":32,"minecraft:wheat":19,"minecraft:rotten_flesh":16,"minecraft:azure_bluet":51,"minecraft:white_bed":2,"minecraft:poppy":18,"minecraft:dropper":1,"minecraft:beetroot_seeds":1,"minecraft:hopper":1,"minecraft:chainmail_boots":11,"minecraft:iron_bars":1,"minecraft:arrow":3,"minecraft:enchanted_book":6,"minecraft:iron_ingot":28,"minecraft:water_bucket":3,"minecraft:bread":1347,"minecraft:oak_slab":12,"minecraft:wheat_seeds":117,"minecraft:dripstone_block":2,"minecraft:diamond_leggings":1,"minecraft:cobblestone":10,"minecraft:chainmail_helmet":30,"minecraft:coal":25,"minecraft:stick":1,"minecraft:oxeye_daisy":2,"minecraft:diorite":11,"minecraft:rabbit":1,"minecraft:iron_door":2,"minecraft:cooked_salmon":2,"minecraft:diamond_helmet":1,"minecraft:iron_leggings":12,"minecraft:iron_shovel":5,"minecraft:string":8987,"minecraft:dandelion":49,"minecraft:redstone":3,"minecraft:bowl":4,"minecraft:tuff":4,"minecraft:stone_shovel":33,"minecraft:shears":1,"minecraft:suspicious_stew":11,"minecraft:diamond_sword":2,"minecraft:potato":13,"minecraft:cobblestone_slab":3,"minecraft:shield":2,"minecraft:spruce_planks":2,"minecraft:iron_chestplate":1,"minecraft:oak_sapling":3,"minecraft:spider_eye":1,"minecraft:diamond_boots":1},"minecraft:killed_by":{"minecraft:enderman":1,"minecraft:iron_golem":1,"minecraft:skeleton":1},"minecraft:used":{"minecraft:moss_block":1,"minecraft:iron_shovel":325,"minecraft:dispenser":5,"minecraft:ladder":6,"minecraft:poppy":13,"minecraft:oak_sign":2,"minecraft:chest":9,"minecraft:shield":34,"minecraft:white_terracotta":1,"minecraft:stone":15,"minecraft:bell":2,"minecraft:rotten_flesh":3,"minecraft:iron_chestplate":1,"minecraft:axolotl_bucket":5,"minecraft:big_dripleaf":1,"minecraft:glass":2,"minecraft:packed_ice":1,"minecraft:lava_bucket":51,"minecraft:lantern":20,"minecraft:birch_trapdoor":4,"minecraft:repeater":2,"minecraft:furnace":5,"minecraft:oak_sapling":2,"minecraft:potato":14,"minecraft:diorite":2,"minecraft:dropper":2,"minecraft:stone_pickaxe":131,"minecraft:oak_planks":21,"minecraft:ender_pearl":1,"minecraft:wooden_pickaxe":19,"minecraft:composter":3,"minecraft:diamond_axe":171,"minecraft:cookie":8,"minecraft:glow_berries":1,"minecraft:blast_furnace":1,"minecraft:blue_ice":4,"minecraft:dripstone_block":5,"minecraft:shears":17,"minecraft:redstone_torch":2,"minecraft:lever":7,"minecraft:birch_slab":5,"minecraft:bread":9,"minecraft:stone_button":2,"minecraft:string":36,"minecraft:lectern":161,"minecraft:iron_door":1,"minecraft:gravel":40,"minecraft:diamond_sword":221,"minecraft:grindstone":3,"minecraft:smithing_table":2,"minecraft:bone_meal":3,"minecraft:oak_trapdoor":8,"minecraft:iron_bars":18,"minecraft:stone_sword":122,"minecraft:stone_shovel":262,"minecraft:redstone":17,"minecraft:spruce_planks":1,"minecraft:stone_hoe":19,"minecraft:torch":190,"minecraft:dirt":849,"minecraft:anvil":3,"minecraft:white_carpet":54,"minecraft:hopper":8,"minecraft:diamond_helmet":1,"minecraft:bookshelf":30,"minecraft:iron_axe":330,"minecraft:barrel":53,"minecraft:tripwire_hook":15,"minecraft:golden_carrot":35,"minecraft:cooked_beef":12,"minecraft:iron_leggings":2,"minecraft:pointed_dripstone":3,"minecraft:cooked_mutton":10,"minecraft:water_bucket":51,"minecraft:cobblestone_stairs":55,"minecraft:brown_mushroom":1,"minecraft:fletching_table":7,"minecraft:cobblestone_slab":19,"minecraft:oak_slab":25,"minecraft:crafting_table":6,"minecraft:red_bed":3,"minecraft:white_bed":28,"minecraft:campfire":10,"minecraft:spruce_log":3,"minecraft:diamond_pickaxe":714,"minecraft:apple":9,"minecraft:diamond_shovel":410,"minecraft:suspicious_stew":3,"minecraft:iron_pickaxe":312,"minecraft:spruce_sapling":19,"minecraft:stone_axe":84,"minecraft:cobblestone":165,"minecraft:cooked_porkchop":10,"minecraft:bucket":110,"minecraft:yellow_bed":14,"minecraft:diamond_leggings":2},"minecraft:killed":{"minecraft:witch":1,"minecraft:spider":5,"minecraft:skeleton":11,"minecraft:pig":6,"minecraft:zombie_villager":1,"minecraft:salmon":2,"minecraft:iron_golem":30,"minecraft:creeper":4,"minecraft:sheep":6,"minecraft:zombie":26,"minecraft:cow":6,"minecraft:villager":1,"minecraft:enderman":1},"minecraft:custom":{"minecraft:interact_with_crafting_table":128,"minecraft:open_barrel":33,"minecraft:bell_ring":3,"minecraft:leave_game":24,"minecraft:time_since_death":378082,"minecraft:sprint_one_cm":468181,"minecraft:damage_blocked_by_shield":2014,"minecraft:drop":507,"minecraft:talked_to_villager":895,"minecraft:play_time":577803,"minecraft:deaths":7,"minecraft:jump":8365,"minecraft:walk_on_water_one_cm":74900,"minecraft:interact_with_furnace":38,"minecraft:traded_with_villager":3139,"minecraft:sleep_in_bed":35,"minecraft:damage_dealt":37936,"minecraft:player_kills":2,"minecraft:crouch_one_cm":27661,"minecraft:inspect_dispenser":11,"minecraft:inspect_dropper":5,"minecraft:mob_kills":101,"minecraft:interact_with_anvil":33,"minecraft:inspect_hopper":13,"minecraft:interact_with_campfire":29,"minecraft:climb_one_cm":21737,"minecraft:walk_one_cm":2272361,"minecraft:sneak_time":13744,"minecraft:walk_under_water_one_cm":37244,"minecraft:total_world_time":577803,"minecraft:interact_with_grindstone":4,"minecraft:time_since_rest":4992,"minecraft:damage_taken":7625,"minecraft:swim_one_cm":21824,"minecraft:fly_one_cm":777208,"minecraft:open_chest":581,"minecraft:fall_one_cm":236368},"minecraft:picked_up":{"minecraft:iron_chestplate":4,"minecraft:wheat":19,"minecraft:chainmail_boots":1,"minecraft:suspicious_stew":7,"minecraft:smithing_table":4,"minecraft:diamond_sword":4,"minecraft:string":56246,"minecraft:cooked_salmon":2,"minecraft:iron_leggings":4,"minecraft:oak_sign":3,"minecraft:cobbled_deepslate":48,"minecraft:bucket":3,"minecraft:spruce_planks":33,"minecraft:redstone_torch":1,"minecraft:cobblestone_slab":16,"minecraft:iron_pickaxe":2,"minecraft:furnace":5,"minecraft:stick":20,"minecraft:birch_trapdoor":2,"minecraft:composter":2,"minecraft:big_dripleaf":1,"minecraft:torch":18,"minecraft:porkchop":10,"minecraft:pointed_dripstone":3,"minecraft:diorite":13,"minecraft:stone_sword":2,"minecraft:rotten_flesh":22,"minecraft:white_terracotta":1,"minecraft:iron_bars":3,"minecraft:cobblestone":892,"minecraft:birch_log":14,"minecraft:cooked_beef":24,"minecraft:birch_slab":20,"minecraft:water_bucket":2,"minecraft:potato":8,"minecraft:flint":5,"minecraft:tuff":4,"minecraft:dirt":1265,"minecraft:lantern":7,"minecraft:leather_boots":1,"minecraft:bone":7,"minecraft:wheat_seeds":170,"minecraft:raw_gold":13,"minecraft:bell":2,"minecraft:grindstone":2,"minecraft:fletching_table":7,"minecraft:rabbit":1,"minecraft:moss_block":1,"minecraft:stone_hoe":2,"minecraft:oak_planks":23,"minecraft:cooked_porkchop":6,"minecraft:dropper":2,"minecraft:barrel":42,"minecraft:dispenser":4,"minecraft:diamond":75,"minecraft:lever":4,"minecraft:bone_meal":2,"minecraft:emerald":19,"minecraft:chainmail_helmet":21,"minecraft:bread":339,"minecraft:oak_sapling":2,"minecraft:charcoal":50,"minecraft:crafting_table":3,"minecraft:azure_bluet":41,"minecraft:ladder":3,"minecraft:packed_ice":73,"minecraft:brown_mushroom":2,"minecraft:shield":5,"minecraft:cornflower":1,"minecraft:oak_trapdoor":2,"minecraft:red_bed":1,"minecraft:iron_axe":3,"minecraft:white_carpet":3,"minecraft:iron_shovel":5,"minecraft:beef":12,"minecraft:poppy":36,"minecraft:lectern":155,"minecraft:sugar_cane":6,"minecraft:chest":3,"minecraft:raw_iron":82,"minecraft:stone":105,"minecraft:bowl":1,"minecraft:cookie":333,"minecraft:redstone":95,"minecraft:arrow":12,"minecraft:stone_shovel":13,"minecraft:shears":1,"minecraft:glow_berries":1,"minecraft:mutton":10,"minecraft:white_wool":18,"minecraft:oxeye_daisy":2,"minecraft:golden_carrot":58,"minecraft:tripwire_hook":9,"minecraft:glow_ink_sac":3,"minecraft:salmon":2,"minecraft:leather":27,"minecraft:birch_planks":8,"minecraft:oak_log":9,"minecraft:yellow_bed":16,"minecraft:gunpowder":5,"minecraft:cobblestone_stairs":11,"minecraft:cooked_mutton":20,"minecraft:apple":42,"minecraft:iron_ingot":193,"minecraft:stone_pickaxe":1,"minecraft:book":57,"minecraft:oak_slab":25,"minecraft:dandelion":49,"minecraft:dripstone_block":7,"minecraft:gravel":40,"minecraft:spruce_sapling":21,"minecraft:white_bed":19,"minecraft:spruce_log":99,"minecraft:spider_eye":4,"minecraft:leather_helmet":1,"minecraft:coal":102,"minecraft:hopper":3,"minecraft:ender_pearl":2}},"DataVersion":3953}