{"stats":{"minecraft:crafted":{"minecraft:stone_shovel":2,"minecraft:barrel":1,"minecraft:cooked_porkchop":5,"minecraft:crafting_table":2,"minecraft:spruce_planks":8,"minecraft:wooden_pickaxe":1,"minecraft:birch_slab":12,"minecraft:furnace":1,"minecraft:fletching_table":2,"minecraft:bone_meal":3,"minecraft:birch_planks":56,"minecraft:campfire":1,"minecraft:stone_axe":1,"minecraft:air":0,"minecraft:iron_chestplate":1,"minecraft:shield":2,"minecraft:spruce_slab":6,"minecraft:stick":28,"minecraft:stone_pickaxe":1,"minecraft:stone_sword":1,"minecraft:iron_shovel":1,"minecraft:composter":1,"minecraft:torch":20,"minecraft:stone_hoe":1},"minecraft:broken":{"minecraft:stone_axe":1,"minecraft:stone_shovel":2},"minecraft:mined":{"minecraft:smithing_table":2,"minecraft:spruce_planks":1,"minecraft:white_bed":2,"minecraft:crafting_table":1,"minecraft:short_grass":74,"minecraft:grass_block":112,"minecraft:cobblestone":17,"minecraft:spruce_leaves":13,"minecraft:oak_planks":2,"minecraft:white_terracotta":1,"minecraft:furnace":1,"minecraft:birch_log":11,"minecraft:iron_ore":6,"minecraft:spruce_log":14,"minecraft:birch_leaves":2,"minecraft:yellow_bed":8,"minecraft:azure_bluet":1,"minecraft:bell":2,"minecraft:potatoes":1,"minecraft:coal_ore":45,"minecraft:dirt_path":1,"minecraft:gravel":42,"minecraft:dirt":247,"minecraft:stone":45,"minecraft:fern":1},"minecraft:dropped":{"minecraft:bread":43,"minecraft:wheat_seeds":10,"minecraft:wheat":17,"minecraft:rotten_flesh":4,"minecraft:azure_bluet":1,"minecraft:white_bed":2,"minecraft:poppy":3,"minecraft:potato":10,"minecraft:shield":2,"minecraft:cornflower":1,"minecraft:rabbit":1},"minecraft:killed_by":{"minecraft:enderman":1},"minecraft:used":{"minecraft:stone_sword":82,"minecraft:iron_shovel":62,"minecraft:stone_shovel":262,"minecraft:stone_pickaxe":98,"minecraft:oak_planks":2,"minecraft:shield":8,"minecraft:spruce_planks":1,"minecraft:wooden_pickaxe":19,"minecraft:white_terracotta":1,"minecraft:composter":1,"minecraft:fletching_table":2,"minecraft:bell":2,"minecraft:stone_hoe":18,"minecraft:iron_chestplate":1,"minecraft:torch":18,"minecraft:dirt":181,"minecraft:crafting_table":3,"minecraft:campfire":1,"minecraft:spruce_log":3,"minecraft:bread":5,"minecraft:gravel":38,"minecraft:barrel":1,"minecraft:stone_axe":84,"minecraft:cobblestone":17,"minecraft:cooked_porkchop":10,"minecraft:furnace":1,"minecraft:smithing_table":1,"minecraft:yellow_bed":7,"minecraft:cooked_beef":7,"minecraft:potato":12,"minecraft:bone_meal":3},"minecraft:killed":{"minecraft:pig":6,"minecraft:iron_golem":3,"minecraft:sheep":6,"minecraft:skeleton":3,"minecraft:zombie":6,"minecraft:villager":1,"minecraft:enderman":1,"minecraft:cow":6},"minecraft:custom":{"minecraft:interact_with_furnace":2,"minecraft:mob_kills":32,"minecraft:interact_with_crafting_table":19,"minecraft:open_barrel":1,"minecraft:interact_with_campfire":27,"minecraft:bell_ring":3,"minecraft:leave_game":3,"minecraft:time_since_death":13010,"minecraft:sleep_in_bed":3,"minecraft:time_since_rest":13033,"minecraft:sprint_one_cm":155084,"minecraft:damage_taken":1658,"minecraft:walk_one_cm":328149,"minecraft:damage_blocked_by_shield":469,"minecraft:drop":23,"minecraft:damage_dealt":7445,"minecraft:talked_to_villager":6,"minecraft:fly_one_cm":260888,"minecraft:player_kills":1,"minecraft:open_chest":15,"minecraft:crouch_one_cm":1845,"minecraft:play_time":76498,"minecraft:deaths":1,"minecraft:sneak_time":969,"minecraft:jump":1618,"minecraft:walk_on_water_one_cm":196,"minecraft:total_world_time":76498,"minecraft:fall_one_cm":43289},"minecraft:picked_up":{"minecraft:birch_log":13,"minecraft:iron_chestplate":1,"minecraft:crafting_table":1,"minecraft:wheat":17,"minecraft:azure_bluet":1,"minecraft:cooked_beef":24,"minecraft:birch_slab":9,"minecraft:leather":18,"minecraft:smithing_table":3,"minecraft:potato":3,"minecraft:birch_planks":8,"minecraft:flint":4,"minecraft:yellow_bed":9,"minecraft:shield":2,"minecraft:cornflower":1,"minecraft:dirt":551,"minecraft:leather_boots":1,"minecraft:cooked_mutton":20,"minecraft:iron_shovel":2,"minecraft:bone":1,"minecraft:apple":6,"minecraft:wheat_seeds":10,"minecraft:bell":2,"minecraft:spruce_planks":1,"minecraft:iron_ingot":11,"minecraft:beef":12,"minecraft:stone_pickaxe":1,"minecraft:poppy":3,"minecraft:rabbit":1,"minecraft:oak_planks":2,"minecraft:stone_hoe":1,"minecraft:furnace":2,"minecraft:raw_iron":6,"minecraft:stick":3,"minecraft:cooked_porkchop":6,"minecraft:gravel":38,"minecraft:porkchop":10,"minecraft:spruce_sapling":4,"minecraft:white_bed":2,"minecraft:spruce_log":20,"minecraft:leather_helmet":1,"minecraft:stone_sword":1,"minecraft:arrow":4,"minecraft:rotten_flesh":4,"minecraft:bread":43,"minecraft:white_terracotta":1,"minecraft:mutton":10,"minecraft:coal":47,"minecraft:white_wool":12,"minecraft:cobblestone":72,"minecraft:ender_pearl":1}},"DataVersion":3953}