{"stats":{"minecraft:killed":{"minecraft:spider":3,"minecraft:skeleton":8,"minecraft:pig":6,"minecraft:zombie_villager":1,"minecraft:iron_golem":6,"minecraft:creeper":2,"minecraft:sheep":6,"minecraft:zombie":13,"minecraft:villager":1,"minecraft:enderman":1,"minecraft:cow":6},"minecraft:picked_up":{"minecraft:chainmail_boots":1,"minecraft:charcoal":32,"minecraft:iron_chestplate":3,"minecraft:crafting_table":3,"minecraft:wheat":17,"minecraft:azure_bluet":4,"minecraft:suspicious_stew":7,"minecraft:smithing_table":4,"minecraft:diamond_sword":1,"minecraft:shield":4,"minecraft:cornflower":1,"minecraft:string":5389,"minecraft:iron_axe":2,"minecraft:iron_leggings":3,"minecraft:iron_shovel":4,"minecraft:cobbled_deepslate":48,"minecraft:bucket":1,"minecraft:spruce_planks":33,"minecraft:beef":12,"minecraft:redstone_torch":1,"minecraft:poppy":11,"minecraft:iron_pickaxe":2,"minecraft:lectern":1,"minecraft:chest":2,"minecraft:furnace":5,"minecraft:stick":12,"minecraft:raw_iron":68,"minecraft:composter":2,"minecraft:birch_trapdoor":2,"minecraft:big_dripleaf":1,"minecraft:torch":4,"minecraft:bowl":1,"minecraft:porkchop":10,"minecraft:cookie":333,"minecraft:pointed_dripstone":3,"minecraft:redstone":47,"minecraft:rotten_flesh":12,"minecraft:stone_sword":2,"minecraft:arrow":11,"minecraft:shears":1,"minecraft:white_terracotta":1,"minecraft:mutton":10,"minecraft:cobblestone":404,"minecraft:white_wool":18,"minecraft:birch_log":14,"minecraft:cooked_beef":24,"minecraft:golden_carrot":31,"minecraft:water_bucket":1,"minecraft:tripwire_hook":2,"minecraft:birch_slab":18,"minecraft:leather":27,"minecraft:potato":3,"minecraft:birch_planks":8,"minecraft:flint":4,"minecraft:tuff":4,"minecraft:oak_log":6,"minecraft:yellow_bed":12,"minecraft:gunpowder":2,"minecraft:dirt":725,"minecraft:cooked_mutton":20,"minecraft:leather_boots":1,"minecraft:bone":6,"minecraft:apple":42,"minecraft:wheat_seeds":143,"minecraft:raw_gold":13,"minecraft:bell":2,"minecraft:stone_pickaxe":1,"minecraft:iron_ingot":42,"minecraft:fletching_table":7,"minecraft:rabbit":1,"minecraft:oak_planks":2,"minecraft:stone_hoe":2,"minecraft:cooked_porkchop":6,"minecraft:dropper":2,"minecraft:dandelion":20,"minecraft:dripstone_block":5,"minecraft:gravel":38,"minecraft:spruce_sapling":5,"minecraft:white_bed":2,"minecraft:spruce_log":54,"minecraft:barrel":8,"minecraft:spider_eye":3,"minecraft:leather_helmet":1,"minecraft:dispenser":4,"minecraft:diamond":75,"minecraft:lever":1,"minecraft:bone_meal":1,"minecraft:chainmail_helmet":1,"minecraft:emerald":19,"minecraft:bread":206,"minecraft:hopper":3,"minecraft:oak_sapling":1,"minecraft:coal":102,"minecraft:ender_pearl":2},"minecraft:custom":{"minecraft:inspect_dropper":5,"minecraft:mob_kills":54,"minecraft:inspect_hopper":4,"minecraft:interact_with_crafting_table":46,"minecraft:open_barrel":1,"minecraft:interact_with_campfire":27,"minecraft:bell_ring":3,"minecraft:leave_game":11,"minecraft:time_since_death":2654,"minecraft:climb_one_cm":76,"minecraft:sprint_one_cm":258855,"minecraft:walk_one_cm":818389,"minecraft:damage_blocked_by_shield":1826,"minecraft:drop":139,"minecraft:talked_to_villager":98,"minecraft:play_time":196534,"minecraft:deaths":3,"minecraft:sneak_time":3725,"minecraft:walk_under_water_one_cm":3759,"minecraft:jump":3823,"minecraft:walk_on_water_one_cm":24527,"minecraft:total_world_time":196534,"minecraft:interact_with_furnace":28,"minecraft:traded_with_villager":326,"minecraft:sleep_in_bed":9,"minecraft:time_since_rest":2677,"minecraft:damage_taken":4720,"minecraft:damage_dealt":14559,"minecraft:player_kills":1,"minecraft:swim_one_cm":8816,"minecraft:fly_one_cm":425153,"minecraft:open_chest":64,"minecraft:crouch_one_cm":8311,"minecraft:fall_one_cm":108495,"minecraft:inspect_dispenser":11},"minecraft:killed_by":{"minecraft:enderman":1,"minecraft:iron_golem":1},"minecraft:broken":{"minecraft:leather_helmet":1,"minecraft:stone_sword":1,"minecraft:stone_pickaxe":1,"minecraft:leather_boots":1,"minecraft:stone_axe":1,"minecraft:iron_pickaxe":1,"minecraft:stone_shovel":2},"minecraft:crafted":{"minecraft:golden_carrot":36,"minecraft:smooth_stone":3,"minecraft:cookie":18,"minecraft:oak_planks":24,"minecraft:chainmail_helmet":8,"minecraft:stone_shovel":2,"minecraft:barrel":4,"minecraft:tripwire_hook":2,"minecraft:birch_slab":12,"minecraft:furnace":2,"minecraft:blast_furnace":1,"minecraft:stone":9,"minecraft:lever":1,"minecraft:bone_meal":3,"minecraft:suspicious_stew":7,"minecraft:hopper":2,"minecraft:repeater":2,"minecraft:bow":1,"minecraft:iron_axe":1,"minecraft:spruce_slab":6,"minecraft:stone_pickaxe":1,"minecraft:chest":7,"minecraft:stone_hoe":1,"minecraft:red_dye":1,"minecraft:dropper":1,"minecraft:diamond_sword":1,"minecraft:emerald":209,"minecraft:cooked_porkchop":5,"minecraft:crafting_table":3,"minecraft:spruce_planks":100,"minecraft:wooden_pickaxe":1,"minecraft:red_bed":1,"minecraft:fletching_table":2,"minecraft:bucket":1,"minecraft:birch_planks":68,"minecraft:campfire":9,"minecraft:stone_axe":1,"minecraft:bread":300,"minecraft:air":0,"minecraft:dispenser":1,"minecraft:apple":36,"minecraft:iron_chestplate":1,"minecraft:shield":2,"minecraft:chainmail_boots":12,"minecraft:stick":64,"minecraft:iron_ingot":68,"minecraft:iron_pickaxe":2,"minecraft:birch_trapdoor":2,"minecraft:stone_sword":1,"minecraft:iron_shovel":2,"minecraft:iron_leggings":10,"minecraft:white_bed":1,"minecraft:redstone_torch":5,"minecraft:composter":1,"minecraft:torch":100,"minecraft:shears":1},"minecraft:used":{"minecraft:stone_sword":122,"minecraft:iron_shovel":236,"minecraft:dispenser":5,"minecraft:stone_shovel":262,"minecraft:redstone":17,"minecraft:poppy":3,"minecraft:chest":7,"minecraft:spruce_planks":1,"minecraft:shield":32,"minecraft:white_terracotta":1,"minecraft:bell":2,"minecraft:stone_hoe":18,"minecraft:rotten_flesh":3,"minecraft:iron_chestplate":1,"minecraft:torch":104,"minecraft:dirt":384,"minecraft:hopper":4,"minecraft:axolotl_bucket":3,"minecraft:big_dripleaf":1,"minecraft:iron_axe":91,"minecraft:barrel":12,"minecraft:repeater":2,"minecraft:birch_trapdoor":4,"minecraft:tripwire_hook":4,"minecraft:golden_carrot":7,"minecraft:oak_sapling":1,"minecraft:furnace":5,"minecraft:cooked_beef":12,"minecraft:potato":12,"minecraft:iron_leggings":2,"minecraft:pointed_dripstone":3,"minecraft:cooked_mutton":10,"minecraft:water_bucket":15,"minecraft:dropper":2,"minecraft:stone_pickaxe":131,"minecraft:oak_planks":2,"minecraft:wooden_pickaxe":19,"minecraft:composter":3,"minecraft:fletching_table":7,"minecraft:cookie":8,"minecraft:blast_furnace":1,"minecraft:red_bed":1,"minecraft:crafting_table":4,"minecraft:campfire":9,"minecraft:dripstone_block":5,"minecraft:shears":11,"minecraft:spruce_log":3,"minecraft:redstone_torch":2,"minecraft:lever":2,"minecraft:apple":9,"minecraft:birch_slab":3,"minecraft:bread":6,"minecraft:string":19,"minecraft:suspicious_stew":3,"minecraft:iron_pickaxe":304,"minecraft:spruce_sapling":3,"minecraft:gravel":38,"minecraft:stone_axe":84,"minecraft:diamond_sword":33,"minecraft:cobblestone":90,"minecraft:cooked_porkchop":10,"minecraft:smithing_table":2,"minecraft:bucket":18,"minecraft:yellow_bed":10,"minecraft:bone_meal":3},"minecraft:mined":{"minecraft:tuff":4,"minecraft:spruce_planks":1,"minecraft:white_bed":2,"minecraft:deepslate_diamond_ore":37,"minecraft:grass_block":214,"minecraft:redstone_wire":11,"minecraft:spruce_leaves":20,"minecraft:composter":2,"minecraft:furnace":4,"minecraft:iron_ore":49,"minecraft:barrel":8,"minecraft:fletching_table":7,"minecraft:azure_bluet":2,"minecraft:bell":2,"minecraft:dirt_path":1,"minecraft:pointed_dripstone":1,"minecraft:potatoes":1,"minecraft:deepslate_iron_ore":19,"minecraft:vine":1,"minecraft:stone":185,"minecraft:tripwire":3,"minecraft:smithing_table":2,"minecraft:deepslate_redstone_ore":8,"minecraft:dandelion":19,"minecraft:clay":1,"minecraft:crafting_table":2,"minecraft:torch":2,"minecraft:short_grass":131,"minecraft:dropper":2,"minecraft:poppy":1,"minecraft:chest":2,"minecraft:campfire":8,"minecraft:cobblestone":33,"minecraft:deepslate_gold_ore":13,"minecraft:oak_planks":2,"minecraft:wall_torch":2,"minecraft:white_terracotta":1,"minecraft:redstone_torch":1,"minecraft:birch_log":12,"minecraft:birch_trapdoor":2,"minecraft:spruce_log":31,"minecraft:birch_leaves":2,"minecraft:yellow_bed":10,"minecraft:oak_log":6,"minecraft:coal_ore":57,"minecraft:gravel":42,"minecraft:dripstone_block":3,"minecraft:dirt":319,"minecraft:tripwire_hook":2,"minecraft:dispenser":4,"minecraft:oak_leaves":22,"minecraft:deepslate":25,"minecraft:fern":1},"minecraft:dropped":{"minecraft:iron_ingot":28,"minecraft:bread":409,"minecraft:wheat_seeds":88,"minecraft:diamond":4,"minecraft:crafting_table":1,"minecraft:cookie":75,"minecraft:cobblestone":8,"minecraft:chainmail_helmet":7,"minecraft:coal":25,"minecraft:stick":1,"minecraft:emerald":6,"minecraft:dirt":6,"minecraft:cornflower":1,"minecraft:rabbit":1,"minecraft:iron_leggings":11,"minecraft:bone_meal":1,"minecraft:string":2,"minecraft:redstone":3,"minecraft:bone":5,"minecraft:dandelion":20,"minecraft:bowl":4,"minecraft:tuff":4,"minecraft:wheat":17,"minecraft:rotten_flesh":6,"minecraft:shears":1,"minecraft:azure_bluet":14,"minecraft:white_bed":2,"minecraft:suspicious_stew":11,"minecraft:poppy":6,"minecraft:potato":10,"minecraft:shield":2,"minecraft:chainmail_boots":11,"minecraft:spruce_planks":1,"minecraft:dropper":1,"minecraft:hopper":1,"minecraft:beetroot_seeds":1,"minecraft:oak_sapling":1,"minecraft:spider_eye":1,"minecraft:arrow":2}},"DataVersion":3953}