{"stats":{"minecraft:crafted":{"minecraft:stone_shovel":2,"minecraft:barrel":1,"minecraft:birch_slab":12,"minecraft:furnace":1,"minecraft:bone_meal":3,"minecraft:iron_axe":1,"minecraft:spruce_slab":6,"minecraft:stone_pickaxe":1,"minecraft:stone_hoe":1,"minecraft:cooked_porkchop":5,"minecraft:crafting_table":3,"minecraft:spruce_planks":12,"minecraft:wooden_pickaxe":1,"minecraft:fletching_table":2,"minecraft:bucket":1,"minecraft:birch_planks":64,"minecraft:campfire":1,"minecraft:stone_axe":1,"minecraft:air":0,"minecraft:iron_chestplate":1,"minecraft:shield":2,"minecraft:stick":48,"minecraft:iron_ingot":10,"minecraft:iron_pickaxe":1,"minecraft:stone_sword":1,"minecraft:iron_shovel":1,"minecraft:composter":1,"minecraft:torch":96},"minecraft:broken":{"minecraft:leather_helmet":1,"minecraft:stone_pickaxe":1,"minecraft:stone_axe":1,"minecraft:stone_shovel":2},"minecraft:mined":{"minecraft:tuff":4,"minecraft:spruce_planks":1,"minecraft:white_bed":2,"minecraft:deepslate_diamond_ore":37,"minecraft:grass_block":112,"minecraft:spruce_leaves":13,"minecraft:furnace":1,"minecraft:iron_ore":37,"minecraft:azure_bluet":1,"minecraft:bell":2,"minecraft:dirt_path":1,"minecraft:pointed_dripstone":1,"minecraft:potatoes":1,"minecraft:vine":1,"minecraft:deepslate_iron_ore":19,"minecraft:stone":133,"minecraft:smithing_table":2,"minecraft:clay":1,"minecraft:crafting_table":2,"minecraft:torch":2,"minecraft:short_grass":74,"minecraft:cobblestone":17,"minecraft:deepslate_gold_ore":13,"minecraft:oak_planks":2,"minecraft:wall_torch":2,"minecraft:white_terracotta":1,"minecraft:birch_log":11,"minecraft:spruce_log":14,"minecraft:birch_leaves":2,"minecraft:yellow_bed":8,"minecraft:coal_ore":52,"minecraft:gravel":42,"minecraft:dripstone_block":3,"minecraft:dirt":248,"minecraft:deepslate":25,"minecraft:fern":1},"minecraft:dropped":{"minecraft:bread":43,"minecraft:wheat_seeds":10,"minecraft:cornflower":1,"minecraft:rabbit":1,"minecraft:bone":2,"minecraft:wheat":17,"minecraft:rotten_flesh":4,"minecraft:azure_bluet":1,"minecraft:white_bed":2,"minecraft:poppy":3,"minecraft:potato":10,"minecraft:shield":2},"minecraft:killed_by":{"minecraft:enderman":1},"minecraft:used":{"minecraft:stone_sword":106,"minecraft:iron_shovel":63,"minecraft:stone_shovel":262,"minecraft:spruce_planks":1,"minecraft:shield":29,"minecraft:white_terracotta":1,"minecraft:bell":2,"minecraft:stone_hoe":18,"minecraft:iron_chestplate":1,"minecraft:torch":99,"minecraft:dirt":181,"minecraft:axolotl_bucket":1,"minecraft:big_dripleaf":1,"minecraft:iron_axe":10,"minecraft:barrel":1,"minecraft:furnace":2,"minecraft:cooked_beef":12,"minecraft:potato":12,"minecraft:pointed_dripstone":3,"minecraft:cooked_mutton":6,"minecraft:water_bucket":1,"minecraft:stone_pickaxe":131,"minecraft:oak_planks":2,"minecraft:wooden_pickaxe":19,"minecraft:composter":1,"minecraft:fletching_table":2,"minecraft:crafting_table":4,"minecraft:campfire":1,"minecraft:dripstone_block":5,"minecraft:spruce_log":3,"minecraft:bread":5,"minecraft:iron_pickaxe":197,"minecraft:gravel":38,"minecraft:stone_axe":84,"minecraft:cobblestone":40,"minecraft:cooked_porkchop":10,"minecraft:smithing_table":1,"minecraft:bucket":3,"minecraft:yellow_bed":7,"minecraft:bone_meal":3},"minecraft:killed":{"minecraft:spider":1,"minecraft:skeleton":7,"minecraft:pig":6,"minecraft:zombie_villager":1,"minecraft:iron_golem":3,"minecraft:creeper":1,"minecraft:sheep":6,"minecraft:zombie":8,"minecraft:villager":1,"minecraft:enderman":1,"minecraft:cow":6},"minecraft:custom":{"minecraft:mob_kills":41,"minecraft:interact_with_crafting_table":22,"minecraft:open_barrel":1,"minecraft:interact_with_campfire":27,"minecraft:bell_ring":3,"minecraft:leave_game":4,"minecraft:time_since_death":41290,"minecraft:climb_one_cm":76,"minecraft:sprint_one_cm":177242,"minecraft:walk_one_cm":473953,"minecraft:damage_blocked_by_shield":1736,"minecraft:drop":25,"minecraft:talked_to_villager":6,"minecraft:play_time":104778,"minecraft:deaths":1,"minecraft:sneak_time":2135,"minecraft:walk_under_water_one_cm":1569,"minecraft:jump":2253,"minecraft:walk_on_water_one_cm":4892,"minecraft:total_world_time":104778,"minecraft:interact_with_furnace":6,"minecraft:sleep_in_bed":3,"minecraft:time_since_rest":41313,"minecraft:damage_taken":2582,"minecraft:damage_dealt":9356,"minecraft:player_kills":1,"minecraft:fly_one_cm":299814,"minecraft:open_chest":15,"minecraft:crouch_one_cm":4938,"minecraft:fall_one_cm":60218},"minecraft:picked_up":{"minecraft:iron_chestplate":1,"minecraft:crafting_table":2,"minecraft:wheat":17,"minecraft:azure_bluet":1,"minecraft:smithing_table":3,"minecraft:shield":2,"minecraft:cornflower":1,"minecraft:string":2,"minecraft:iron_shovel":2,"minecraft:cobbled_deepslate":24,"minecraft:spruce_planks":1,"minecraft:beef":12,"minecraft:poppy":3,"minecraft:furnace":2,"minecraft:stick":3,"minecraft:raw_iron":56,"minecraft:big_dripleaf":1,"minecraft:torch":4,"minecraft:porkchop":10,"minecraft:pointed_dripstone":3,"minecraft:stone_sword":1,"minecraft:arrow":5,"minecraft:rotten_flesh":5,"minecraft:white_terracotta":1,"minecraft:mutton":10,"minecraft:cobblestone":158,"minecraft:white_wool":12,"minecraft:birch_log":13,"minecraft:cooked_beef":24,"minecraft:birch_slab":9,"minecraft:leather":18,"minecraft:potato":3,"minecraft:birch_planks":8,"minecraft:flint":4,"minecraft:tuff":4,"minecraft:yellow_bed":9,"minecraft:dirt":552,"minecraft:leather_boots":1,"minecraft:cooked_mutton":20,"minecraft:bone":4,"minecraft:apple":6,"minecraft:wheat_seeds":10,"minecraft:raw_gold":13,"minecraft:bell":2,"minecraft:stone_pickaxe":1,"minecraft:iron_ingot":11,"minecraft:rabbit":1,"minecraft:oak_planks":2,"minecraft:stone_hoe":1,"minecraft:cooked_porkchop":6,"minecraft:dripstone_block":5,"minecraft:gravel":38,"minecraft:spruce_sapling":4,"minecraft:white_bed":2,"minecraft:spruce_log":20,"minecraft:leather_helmet":1,"minecraft:diamond":37,"minecraft:bread":43,"minecraft:coal":54,"minecraft:ender_pearl":1}},"DataVersion":3953}