{"stats":{"minecraft:crafted":{"minecraft:grindstone":1,"minecraft:smooth_stone":3,"minecraft:oak_planks":36,"minecraft:chainmail_helmet":11,"minecraft:cobblestone_slab":24,"minecraft:barrel":11,"minecraft:lightning_rod":5,"minecraft:birch_slab":12,"minecraft:stone":12,"minecraft:cobblestone_stairs":44,"minecraft:lever":3,"minecraft:diamond_shovel":3,"minecraft:bookshelf":54,"minecraft:suspicious_stew":7,"minecraft:iron_bars":16,"minecraft:glass":2,"minecraft:hopper":6,"minecraft:repeater":2,"minecraft:diamond_helmet":2,"minecraft:diamond_leggings":4,"minecraft:bow":1,"minecraft:chest":12,"minecraft:iron_door":3,"minecraft:stone_hoe":1,"minecraft:dropper":1,"minecraft:oak_slab":24,"minecraft:emerald":5687,"minecraft:cooked_porkchop":5,"minecraft:diamond_axe":1,"minecraft:crafting_table":5,"minecraft:spruce_planks":252,"minecraft:wooden_pickaxe":1,"minecraft:copper_ingot":15,"minecraft:fletching_table":2,"minecraft:birch_planks":68,"minecraft:campfire":10,"minecraft:dispenser":1,"minecraft:apple":36,"minecraft:lectern":8,"minecraft:iron_chestplate":1,"minecraft:diamond_pickaxe":5,"minecraft:emerald_block":324,"minecraft:shield":2,"minecraft:stick":116,"minecraft:stone_slab":6,"minecraft:iron_ingot":100,"minecraft:iron_pickaxe":4,"minecraft:iron_block":11,"minecraft:stone_sword":1,"minecraft:redstone_torch":5,"minecraft:composter":1,"minecraft:shears":1,"minecraft:golden_carrot":72,"minecraft:cookie":18,"minecraft:stone_shovel":22,"minecraft:tripwire_hook":6,"minecraft:furnace":2,"minecraft:stone_button":2,"minecraft:blast_furnace":1,"minecraft:bone_meal":3,"minecraft:white_carpet":51,"minecraft:lantern":49,"minecraft:blue_ice":8,"minecraft:iron_axe":1,"minecraft:ladder":3,"minecraft:spruce_slab":48,"minecraft:stone_pickaxe":1,"minecraft:diamond_boots":2,"minecraft:red_dye":2,"minecraft:diamond_sword":1,"minecraft:red_bed":2,"minecraft:bucket":2,"minecraft:stone_axe":1,"minecraft:enchanted_book":46,"minecraft:bread":1240,"minecraft:air":0,"minecraft:white_wool":82,"minecraft:chainmail_boots":12,"minecraft:birch_trapdoor":2,"minecraft:iron_shovel":7,"minecraft:iron_leggings":10,"minecraft:anvil":3,"minecraft:white_bed":18,"minecraft:torch":248,"minecraft:diamond_chestplate":2},"minecraft:broken":{"minecraft:iron_shovel":1,"minecraft:stone_pickaxe":1,"minecraft:stone_axe":1,"minecraft:stone_shovel":2,"minecraft:leather_helmet":1,"minecraft:stone_sword":1,"minecraft:shield":1,"minecraft:iron_axe":2,"minecraft:leather_boots":1,"minecraft:iron_pickaxe":1},"minecraft:mined":{"minecraft:white_bed":30,"minecraft:spruce_planks":1,"minecraft:oak_sapling":1,"minecraft:cobblestone_stairs":11,"minecraft:obsidian":3,"minecraft:grass_block":516,"minecraft:composter":2,"minecraft:oxeye_daisy":3,"minecraft:iron_ore":56,"minecraft:barrel":42,"minecraft:fletching_table":7,"minecraft:deepslate_lapis_ore":5,"minecraft:azure_bluet":40,"minecraft:pointed_dripstone":1,"minecraft:dirt_path":32,"minecraft:oak_stairs":97,"minecraft:iron_bars":9,"minecraft:tripwire":12,"minecraft:deepslate_redstone_ore":10,"minecraft:red_bed":2,"minecraft:clay":1,"minecraft:torch":18,"minecraft:poppy":9,"minecraft:chest":3,"minecraft:cobblestone":156,"minecraft:sugar_cane":32,"minecraft:grindstone":2,"minecraft:oak_planks":82,"minecraft:wall_torch":12,"minecraft:white_terracotta":1,"minecraft:birch_log":13,"minecraft:wheat":2,"minecraft:birch_trapdoor":2,"minecraft:oak_log":36,"minecraft:dirt":651,"minecraft:tripwire_hook":3,"minecraft:dispenser":4,"minecraft:oak_leaves":22,"minecraft:deepslate":29,"minecraft:tuff":6,"minecraft:mossy_cobblestone":3,"minecraft:deepslate_diamond_ore":42,"minecraft:oak_door":2,"minecraft:ladder":3,"minecraft:redstone_wire":11,"minecraft:birch_slab":2,"minecraft:spruce_leaves":62,"minecraft:moss_block":1,"minecraft:redstone_ore":7,"minecraft:oak_trapdoor":1,"minecraft:spruce_sapling":2,"minecraft:furnace":4,"minecraft:bell":2,"minecraft:bookshelf":35,"minecraft:potatoes":2,"minecraft:vine":1,"minecraft:cobblestone_slab":16,"minecraft:deepslate_iron_ore":19,"minecraft:lantern":7,"minecraft:packed_ice":74,"minecraft:stone":820,"minecraft:smithing_table":2,"minecraft:oak_slab":11,"minecraft:glass_pane":3,"minecraft:dandelion":48,"minecraft:crafting_table":2,"minecraft:cornflower":1,"minecraft:short_grass":310,"minecraft:dropper":2,"minecraft:lectern":495,"minecraft:campfire":9,"minecraft:copper_ore":1,"minecraft:tall_grass":9,"minecraft:deepslate_coal_ore":1,"minecraft:deepslate_gold_ore":17,"minecraft:redstone_torch":1,"minecraft:white_carpet":3,"minecraft:spruce_log":76,"minecraft:birch_leaves":2,"minecraft:yellow_bed":14,"minecraft:coal_ore":66,"minecraft:gravel":45,"minecraft:dripstone_block":5,"minecraft:fern":1},"minecraft:dropped":{"minecraft:glow_ink_sac":3,"minecraft:diamond":4,"minecraft:crafting_table":1,"minecraft:cookie":75,"minecraft:lantern":7,"minecraft:emerald":11,"minecraft:flint":1,"minecraft:dirt":87,"minecraft:cornflower":1,"minecraft:bone_meal":1,"minecraft:iron_pickaxe":2,"minecraft:bone":19,"minecraft:emerald_block":33,"minecraft:cobbled_deepslate":4,"minecraft:wheat":19,"minecraft:rotten_flesh":19,"minecraft:azure_bluet":60,"minecraft:white_bed":2,"minecraft:carrot":1,"minecraft:poppy":26,"minecraft:dropper":1,"minecraft:beetroot_seeds":1,"minecraft:hopper":1,"minecraft:chainmail_boots":11,"minecraft:iron_bars":1,"minecraft:arrow":17,"minecraft:iron_ingot":28,"minecraft:enchanted_book":10,"minecraft:water_bucket":3,"minecraft:bread":1479,"minecraft:oak_slab":12,"minecraft:wheat_seeds":125,"minecraft:mossy_cobblestone":3,"minecraft:dripstone_block":4,"minecraft:diamond_leggings":1,"minecraft:cobblestone":10,"minecraft:book":12,"minecraft:chainmail_helmet":30,"minecraft:coal":25,"minecraft:stick":1,"minecraft:oxeye_daisy":3,"minecraft:diorite":11,"minecraft:rabbit":1,"minecraft:iron_door":2,"minecraft:cooked_salmon":2,"minecraft:diamond_helmet":1,"minecraft:iron_leggings":12,"minecraft:iron_shovel":5,"minecraft:string":9844,"minecraft:dandelion":55,"minecraft:redstone":3,"minecraft:bowl":4,"minecraft:tuff":6,"minecraft:stone_shovel":33,"minecraft:shears":1,"minecraft:suspicious_stew":11,"minecraft:diamond_sword":2,"minecraft:potato":13,"minecraft:cobblestone_slab":3,"minecraft:shield":2,"minecraft:spruce_planks":3,"minecraft:iron_chestplate":1,"minecraft:oak_sapling":3,"minecraft:spider_eye":1,"minecraft:diamond_boots":1},"minecraft:killed_by":{"minecraft:enderman":1,"minecraft:iron_golem":1,"minecraft:skeleton":1},"minecraft:used":{"minecraft:moss_block":1,"minecraft:iron_shovel":325,"minecraft:dispenser":5,"minecraft:ladder":6,"minecraft:poppy":18,"minecraft:oak_sign":2,"minecraft:chest":9,"minecraft:shield":38,"minecraft:white_terracotta":1,"minecraft:stone":15,"minecraft:bell":2,"minecraft:rotten_flesh":3,"minecraft:iron_chestplate":1,"minecraft:axolotl_bucket":5,"minecraft:obsidian":2,"minecraft:big_dripleaf":1,"minecraft:glass":2,"minecraft:packed_ice":1,"minecraft:lava_bucket":67,"minecraft:lantern":23,"minecraft:grass_block":8,"minecraft:birch_trapdoor":4,"minecraft:repeater":2,"minecraft:furnace":5,"minecraft:oak_sapling":2,"minecraft:potato":14,"minecraft:diorite":2,"minecraft:dropper":2,"minecraft:stone_pickaxe":131,"minecraft:oak_planks":21,"minecraft:ender_pearl":2,"minecraft:wooden_pickaxe":19,"minecraft:composter":3,"minecraft:diamond_axe":729,"minecraft:sugar_cane":59,"minecraft:cookie":8,"minecraft:glow_berries":1,"minecraft:blast_furnace":1,"minecraft:blue_ice":4,"minecraft:dripstone_block":9,"minecraft:shears":17,"minecraft:lightning_rod":5,"minecraft:redstone_torch":2,"minecraft:lever":7,"minecraft:birch_slab":5,"minecraft:bread":9,"minecraft:stone_button":2,"minecraft:string":36,"minecraft:lectern":504,"minecraft:iron_door":1,"minecraft:gravel":40,"minecraft:diamond_sword":385,"minecraft:grindstone":3,"minecraft:smithing_table":2,"minecraft:andesite":1,"minecraft:bone_meal":3,"minecraft:oak_trapdoor":8,"minecraft:iron_bars":24,"minecraft:stone_sword":122,"minecraft:stone_shovel":262,"minecraft:redstone":17,"minecraft:spruce_planks":1,"minecraft:stone_hoe":19,"minecraft:torch":286,"minecraft:dirt":927,"minecraft:anvil":3,"minecraft:white_carpet":54,"minecraft:hopper":8,"minecraft:diamond_helmet":1,"minecraft:bookshelf":46,"minecraft:iron_axe":330,"minecraft:oak_stairs":15,"minecraft:barrel":53,"minecraft:tripwire_hook":15,"minecraft:golden_carrot":49,"minecraft:cooked_beef":12,"minecraft:iron_leggings":2,"minecraft:pointed_dripstone":10,"minecraft:cooked_mutton":10,"minecraft:water_bucket":67,"minecraft:cobblestone_stairs":57,"minecraft:brown_mushroom":1,"minecraft:fletching_table":7,"minecraft:cobblestone_slab":19,"minecraft:oak_slab":25,"minecraft:crafting_table":6,"minecraft:red_bed":4,"minecraft:white_bed":46,"minecraft:campfire":10,"minecraft:spruce_log":3,"minecraft:diamond_pickaxe":931,"minecraft:apple":9,"minecraft:diamond_shovel":578,"minecraft:suspicious_stew":3,"minecraft:iron_pickaxe":312,"minecraft:spruce_sapling":19,"minecraft:stone_axe":84,"minecraft:cobblestone":246,"minecraft:cooked_porkchop":10,"minecraft:bucket":142,"minecraft:yellow_bed":14,"minecraft:diamond_leggings":2},"minecraft:killed":{"minecraft:witch":1,"minecraft:spider":5,"minecraft:skeleton":18,"minecraft:pig":6,"minecraft:zombie_villager":1,"minecraft:salmon":2,"minecraft:iron_golem":41,"minecraft:creeper":5,"minecraft:sheep":6,"minecraft:zombie":31,"minecraft:cow":6,"minecraft:villager":3,"minecraft:enderman":3},"minecraft:custom":{"minecraft:interact_with_crafting_table":158,"minecraft:open_barrel":57,"minecraft:bell_ring":3,"minecraft:leave_game":26,"minecraft:time_since_death":525963,"minecraft:sprint_one_cm":570338,"minecraft:damage_blocked_by_shield":3081,"minecraft:drop":575,"minecraft:talked_to_villager":1415,"minecraft:play_time":725684,"minecraft:deaths":7,"minecraft:jump":9905,"minecraft:walk_on_water_one_cm":85171,"minecraft:interact_with_furnace":39,"minecraft:traded_with_villager":4295,"minecraft:sleep_in_bed":44,"minecraft:damage_dealt":49952,"minecraft:player_kills":2,"minecraft:crouch_one_cm":37260,"minecraft:inspect_dispenser":11,"minecraft:inspect_dropper":5,"minecraft:mob_kills":129,"minecraft:interact_with_anvil":49,"minecraft:inspect_hopper":13,"minecraft:interact_with_campfire":29,"minecraft:climb_one_cm":37745,"minecraft:walk_one_cm":2889996,"minecraft:sneak_time":17209,"minecraft:walk_under_water_one_cm":46286,"minecraft:interact_with_blast_furnace":3,"minecraft:total_world_time":725684,"minecraft:interact_with_grindstone":7,"minecraft:time_since_rest":13075,"minecraft:damage_taken":8522,"minecraft:swim_one_cm":27740,"minecraft:fly_one_cm":941019,"minecraft:open_chest":728,"minecraft:fall_one_cm":276530},"minecraft:picked_up":{"minecraft:iron_chestplate":4,"minecraft:wheat":19,"minecraft:chainmail_boots":1,"minecraft:suspicious_stew":7,"minecraft:smithing_table":4,"minecraft:diamond_sword":4,"minecraft:oak_stairs":97,"minecraft:enchanted_book":3,"minecraft:string":68629,"minecraft:raw_copper":15,"minecraft:cooked_salmon":2,"minecraft:iron_leggings":4,"minecraft:oak_sign":3,"minecraft:cobbled_deepslate":52,"minecraft:bucket":3,"minecraft:spruce_planks":33,"minecraft:redstone_torch":1,"minecraft:cobblestone_slab":16,"minecraft:iron_pickaxe":2,"minecraft:furnace":5,"minecraft:stick":20,"minecraft:birch_trapdoor":2,"minecraft:composter":2,"minecraft:big_dripleaf":1,"minecraft:torch":38,"minecraft:porkchop":10,"minecraft:pointed_dripstone":10,"minecraft:diorite":13,"minecraft:stone_sword":2,"minecraft:rotten_flesh":25,"minecraft:white_terracotta":1,"minecraft:obsidian":3,"minecraft:iron_bars":9,"minecraft:cobblestone":1022,"minecraft:birch_log":14,"minecraft:cooked_beef":24,"minecraft:birch_slab":20,"minecraft:water_bucket":2,"minecraft:andesite":1,"minecraft:potato":8,"minecraft:flint":5,"minecraft:tuff":6,"minecraft:lapis_lazuli":53,"minecraft:dirt":1371,"minecraft:lantern":7,"minecraft:leather_boots":1,"minecraft:bone":20,"minecraft:wheat_seeds":178,"minecraft:raw_gold":20,"minecraft:bell":2,"minecraft:grindstone":2,"minecraft:fletching_table":7,"minecraft:rabbit":1,"minecraft:moss_block":1,"minecraft:stone_hoe":2,"minecraft:oak_planks":85,"minecraft:cooked_porkchop":6,"minecraft:dropper":2,"minecraft:grass_block":61,"minecraft:barrel":42,"minecraft:mossy_cobblestone":3,"minecraft:dispenser":4,"minecraft:diamond":86,"minecraft:lever":4,"minecraft:bone_meal":2,"minecraft:emerald":19,"minecraft:chainmail_helmet":21,"minecraft:bread":339,"minecraft:oak_sapling":2,"minecraft:charcoal":50,"minecraft:crafting_table":3,"minecraft:azure_bluet":50,"minecraft:ladder":3,"minecraft:packed_ice":73,"minecraft:brown_mushroom":2,"minecraft:shield":5,"minecraft:cornflower":1,"minecraft:oak_trapdoor":2,"minecraft:red_bed":2,"minecraft:iron_axe":3,"minecraft:white_carpet":3,"minecraft:iron_shovel":5,"minecraft:glass_pane":3,"minecraft:beef":12,"minecraft:poppy":49,"minecraft:lectern":496,"minecraft:sugar_cane":59,"minecraft:chest":3,"minecraft:raw_iron":82,"minecraft:stone":141,"minecraft:oak_door":2,"minecraft:bowl":1,"minecraft:cookie":333,"minecraft:carrot":1,"minecraft:redstone":95,"minecraft:arrow":26,"minecraft:stone_shovel":13,"minecraft:shears":1,"minecraft:glow_berries":1,"minecraft:mutton":10,"minecraft:white_wool":20,"minecraft:oxeye_daisy":3,"minecraft:golden_carrot":58,"minecraft:tripwire_hook":9,"minecraft:glow_ink_sac":3,"minecraft:salmon":2,"minecraft:leather":27,"minecraft:birch_planks":8,"minecraft:oak_log":39,"minecraft:golden_boots":1,"minecraft:yellow_bed":16,"minecraft:gunpowder":10,"minecraft:cobblestone_stairs":13,"minecraft:cooked_mutton":20,"minecraft:apple":42,"minecraft:iron_ingot":243,"minecraft:stone_pickaxe":1,"minecraft:book":105,"minecraft:oak_slab":25,"minecraft:emerald_block":1,"minecraft:dandelion":55,"minecraft:dripstone_block":13,"minecraft:gravel":40,"minecraft:spruce_sapling":21,"minecraft:white_bed":32,"minecraft:spruce_log":99,"minecraft:spider_eye":4,"minecraft:leather_helmet":1,"minecraft:coal":124,"minecraft:hopper":3,"minecraft:ender_pearl":5}},"DataVersion":3953}