{"stats":{"minecraft:killed":{"minecraft:pig":6,"minecraft:iron_golem":2,"minecraft:sheep":6,"minecraft:villager":1,"minecraft:cow":6},"minecraft:used":{"minecraft:stone_sword":38,"minecraft:stone_pickaxe":9,"minecraft:stone_shovel":68,"minecraft:spruce_planks":1,"minecraft:wooden_pickaxe":19,"minecraft:dirt":65,"minecraft:crafting_table":2,"minecraft:spruce_log":3,"minecraft:bread":4,"minecraft:stone_axe":65,"minecraft:cobblestone":5,"minecraft:furnace":1,"minecraft:cooked_porkchop":5},"minecraft:custom":{"minecraft:interact_with_furnace":2,"minecraft:mob_kills":21,"minecraft:interact_with_crafting_table":7,"minecraft:leave_game":1,"minecraft:time_since_death":30863,"minecraft:sleep_in_bed":1,"minecraft:time_since_rest":14084,"minecraft:sprint_one_cm":80111,"minecraft:walk_one_cm":114432,"minecraft:damage_taken":453,"minecraft:drop":8,"minecraft:damage_dealt":4180,"minecraft:talked_to_villager":1,"minecraft:fly_one_cm":118184,"minecraft:player_kills":1,"minecraft:open_chest":6,"minecraft:crouch_one_cm":165,"minecraft:play_time":30863,"minecraft:sneak_time":164,"minecraft:jump":725,"minecraft:walk_on_water_one_cm":148,"minecraft:total_world_time":30863,"minecraft:fall_one_cm":20139},"minecraft:mined":{"minecraft:smithing_table":1,"minecraft:spruce_planks":1,"minecraft:white_bed":2,"minecraft:crafting_table":1,"minecraft:short_grass":29,"minecraft:grass_block":59,"minecraft:cobblestone":5,"minecraft:spruce_leaves":13,"minecraft:furnace":1,"minecraft:birch_log":8,"minecraft:spruce_log":14,"minecraft:birch_leaves":2,"minecraft:yellow_bed":6,"minecraft:coal_ore":3,"minecraft:dirt_path":1,"minecraft:dirt":22,"minecraft:stone":19},"minecraft:picked_up":{"minecraft:birch_log":8,"minecraft:crafting_table":1,"minecraft:wheat":17,"minecraft:leather":9,"minecraft:smithing_table":1,"minecraft:yellow_bed":6,"minecraft:dirt":90,"minecraft:wheat_seeds":5,"minecraft:spruce_planks":1,"minecraft:beef":12,"minecraft:iron_ingot":7,"minecraft:poppy":2,"minecraft:rabbit":1,"minecraft:furnace":1,"minecraft:stick":1,"minecraft:porkchop":10,"minecraft:spruce_sapling":2,"minecraft:spruce_log":14,"minecraft:white_bed":2,"minecraft:mutton":10,"minecraft:coal":5,"minecraft:white_wool":6,"minecraft:cobblestone":24},"minecraft:dropped":{"minecraft:wheat_seeds":5,"minecraft:wheat":17,"minecraft:white_bed":2,"minecraft:poppy":2,"minecraft:potato":10,"minecraft:rabbit":1},"minecraft:crafted":{"minecraft:stone_shovel":1,"minecraft:barrel":1,"minecraft:cooked_porkchop":5,"minecraft:crafting_table":1,"minecraft:spruce_planks":8,"minecraft:wooden_pickaxe":1,"minecraft:furnace":1,"minecraft:birch_planks":32,"minecraft:stone_axe":1,"minecraft:air":0,"minecraft:spruce_slab":6,"minecraft:stick":8,"minecraft:stone_pickaxe":1,"minecraft:stone_sword":1}},"DataVersion":3953}