{"stats":{"minecraft:killed":{"minecraft:pig":6,"minecraft:iron_golem":3,"minecraft:sheep":6,"minecraft:zombie":2,"minecraft:villager":1,"minecraft:cow":6},"minecraft:used":{"minecraft:stone_sword":39,"minecraft:iron_shovel":62,"minecraft:stone_pickaxe":33,"minecraft:stone_shovel":262,"minecraft:oak_planks":2,"minecraft:spruce_planks":1,"minecraft:wooden_pickaxe":19,"minecraft:white_terracotta":1,"minecraft:composter":1,"minecraft:fletching_table":2,"minecraft:bell":2,"minecraft:stone_hoe":15,"minecraft:iron_chestplate":1,"minecraft:torch":4,"minecraft:dirt":181,"minecraft:crafting_table":3,"minecraft:campfire":1,"minecraft:spruce_log":3,"minecraft:bread":5,"minecraft:gravel":38,"minecraft:barrel":1,"minecraft:stone_axe":84,"minecraft:cobblestone":11,"minecraft:furnace":1,"minecraft:cooked_porkchop":7,"minecraft:smithing_table":1,"minecraft:yellow_bed":7,"minecraft:potato":9},"minecraft:broken":{"minecraft:stone_axe":1,"minecraft:stone_shovel":2},"minecraft:custom":{"minecraft:interact_with_furnace":2,"minecraft:mob_kills":24,"minecraft:interact_with_crafting_table":19,"minecraft:open_barrel":1,"minecraft:interact_with_campfire":27,"minecraft:bell_ring":3,"minecraft:leave_game":1,"minecraft:time_since_death":60863,"minecraft:sleep_in_bed":3,"minecraft:time_since_rest":16151,"minecraft:sprint_one_cm":120442,"minecraft:walk_one_cm":260123,"minecraft:damage_taken":609,"minecraft:drop":17,"minecraft:damage_dealt":5521,"minecraft:talked_to_villager":4,"minecraft:fly_one_cm":175497,"minecraft:player_kills":1,"minecraft:open_chest":13,"minecraft:crouch_one_cm":1104,"minecraft:play_time":60863,"minecraft:sneak_time":540,"minecraft:jump":1202,"minecraft:walk_on_water_one_cm":196,"minecraft:total_world_time":60863,"minecraft:fall_one_cm":32399},"minecraft:mined":{"minecraft:smithing_table":2,"minecraft:spruce_planks":1,"minecraft:white_bed":2,"minecraft:crafting_table":1,"minecraft:short_grass":71,"minecraft:grass_block":112,"minecraft:cobblestone":11,"minecraft:spruce_leaves":13,"minecraft:oak_planks":2,"minecraft:white_terracotta":1,"minecraft:furnace":1,"minecraft:birch_log":11,"minecraft:spruce_log":14,"minecraft:birch_leaves":2,"minecraft:yellow_bed":8,"minecraft:azure_bluet":1,"minecraft:bell":2,"minecraft:coal_ore":3,"minecraft:dirt_path":1,"minecraft:gravel":42,"minecraft:dirt":247,"minecraft:stone":34,"minecraft:fern":1},"minecraft:picked_up":{"minecraft:birch_log":11,"minecraft:crafting_table":1,"minecraft:wheat":17,"minecraft:azure_bluet":1,"minecraft:cooked_beef":12,"minecraft:leather":9,"minecraft:smithing_table":2,"minecraft:flint":4,"minecraft:yellow_bed":8,"minecraft:dirt":366,"minecraft:cooked_mutton":10,"minecraft:wheat_seeds":9,"minecraft:bell":2,"minecraft:spruce_planks":1,"minecraft:beef":12,"minecraft:iron_ingot":11,"minecraft:poppy":3,"minecraft:rabbit":1,"minecraft:oak_planks":2,"minecraft:furnace":1,"minecraft:stick":1,"minecraft:cooked_porkchop":5,"minecraft:gravel":38,"minecraft:porkchop":10,"minecraft:spruce_sapling":2,"minecraft:spruce_log":14,"minecraft:white_bed":2,"minecraft:rotten_flesh":2,"minecraft:white_terracotta":1,"minecraft:mutton":10,"minecraft:coal":5,"minecraft:white_wool":6,"minecraft:cobblestone":45},"minecraft:dropped":{"minecraft:wheat_seeds":9,"minecraft:wheat":17,"minecraft:rotten_flesh":2,"minecraft:azure_bluet":1,"minecraft:white_bed":2,"minecraft:poppy":3,"minecraft:potato":10,"minecraft:shield":1,"minecraft:rabbit":1},"minecraft:crafted":{"minecraft:stone_shovel":2,"minecraft:barrel":1,"minecraft:cooked_porkchop":5,"minecraft:crafting_table":2,"minecraft:spruce_planks":8,"minecraft:wooden_pickaxe":1,"minecraft:birch_slab":12,"minecraft:furnace":1,"minecraft:fletching_table":2,"minecraft:birch_planks":56,"minecraft:campfire":1,"minecraft:stone_axe":1,"minecraft:air":0,"minecraft:iron_chestplate":1,"minecraft:shield":2,"minecraft:spruce_slab":6,"minecraft:stick":20,"minecraft:stone_pickaxe":1,"minecraft:stone_sword":1,"minecraft:iron_shovel":1,"minecraft:composter":1,"minecraft:torch":4,"minecraft:stone_hoe":1}},"DataVersion":3953}