{"stats":{"minecraft:crafted":{"minecraft:stone_shovel":2,"minecraft:barrel":1,"minecraft:birch_slab":12,"minecraft:furnace":1,"minecraft:bone_meal":3,"minecraft:iron_axe":1,"minecraft:spruce_slab":6,"minecraft:stone_pickaxe":1,"minecraft:stone_hoe":1,"minecraft:cooked_porkchop":5,"minecraft:crafting_table":3,"minecraft:spruce_planks":12,"minecraft:wooden_pickaxe":1,"minecraft:fletching_table":2,"minecraft:bucket":1,"minecraft:birch_planks":64,"minecraft:campfire":1,"minecraft:stone_axe":1,"minecraft:air":0,"minecraft:iron_chestplate":1,"minecraft:shield":2,"minecraft:stick":44,"minecraft:iron_ingot":10,"minecraft:iron_pickaxe":1,"minecraft:stone_sword":1,"minecraft:iron_shovel":1,"minecraft:composter":1,"minecraft:torch":92},"minecraft:broken":{"minecraft:stone_pickaxe":1,"minecraft:stone_axe":1,"minecraft:stone_shovel":2},"minecraft:mined":{"minecraft:spruce_planks":1,"minecraft:white_bed":2,"minecraft:grass_block":112,"minecraft:spruce_leaves":13,"minecraft:furnace":1,"minecraft:iron_ore":37,"minecraft:azure_bluet":1,"minecraft:bell":2,"minecraft:potatoes":1,"minecraft:pointed_dripstone":1,"minecraft:dirt_path":1,"minecraft:stone":57,"minecraft:smithing_table":2,"minecraft:crafting_table":2,"minecraft:torch":1,"minecraft:short_grass":74,"minecraft:cobblestone":17,"minecraft:oak_planks":2,"minecraft:wall_torch":2,"minecraft:white_terracotta":1,"minecraft:birch_log":11,"minecraft:spruce_log":14,"minecraft:birch_leaves":2,"minecraft:yellow_bed":8,"minecraft:coal_ore":52,"minecraft:gravel":42,"minecraft:dripstone_block":3,"minecraft:dirt":247,"minecraft:fern":1},"minecraft:dropped":{"minecraft:bread":43,"minecraft:wheat_seeds":10,"minecraft:cornflower":1,"minecraft:rabbit":1,"minecraft:bone":2,"minecraft:wheat":17,"minecraft:rotten_flesh":4,"minecraft:azure_bluet":1,"minecraft:white_bed":2,"minecraft:poppy":3,"minecraft:potato":10,"minecraft:shield":2},"minecraft:killed_by":{"minecraft:enderman":1},"minecraft:used":{"minecraft:stone_sword":101,"minecraft:iron_shovel":62,"minecraft:stone_shovel":262,"minecraft:spruce_planks":1,"minecraft:shield":25,"minecraft:white_terracotta":1,"minecraft:bell":2,"minecraft:stone_hoe":18,"minecraft:iron_chestplate":1,"minecraft:torch":88,"minecraft:dirt":181,"minecraft:iron_axe":1,"minecraft:barrel":1,"minecraft:furnace":2,"minecraft:cooked_beef":11,"minecraft:potato":12,"minecraft:pointed_dripstone":1,"minecraft:water_bucket":1,"minecraft:stone_pickaxe":131,"minecraft:oak_planks":2,"minecraft:wooden_pickaxe":19,"minecraft:composter":1,"minecraft:fletching_table":2,"minecraft:crafting_table":4,"minecraft:campfire":1,"minecraft:spruce_log":3,"minecraft:bread":5,"minecraft:iron_pickaxe":21,"minecraft:gravel":38,"minecraft:stone_axe":84,"minecraft:cobblestone":36,"minecraft:cooked_porkchop":10,"minecraft:smithing_table":1,"minecraft:bucket":1,"minecraft:yellow_bed":7,"minecraft:bone_meal":3},"minecraft:killed":{"minecraft:skeleton":6,"minecraft:pig":6,"minecraft:iron_golem":3,"minecraft:sheep":6,"minecraft:zombie":7,"minecraft:villager":1,"minecraft:enderman":1,"minecraft:cow":6},"minecraft:custom":{"minecraft:mob_kills":36,"minecraft:interact_with_crafting_table":22,"minecraft:open_barrel":1,"minecraft:interact_with_campfire":27,"minecraft:bell_ring":3,"minecraft:leave_game":3,"minecraft:time_since_death":25010,"minecraft:sprint_one_cm":161999,"minecraft:walk_one_cm":394766,"minecraft:damage_blocked_by_shield":1534,"minecraft:drop":25,"minecraft:talked_to_villager":6,"minecraft:play_time":88498,"minecraft:deaths":1,"minecraft:sneak_time":1455,"minecraft:walk_under_water_one_cm":596,"minecraft:jump":1864,"minecraft:walk_on_water_one_cm":848,"minecraft:total_world_time":88498,"minecraft:interact_with_furnace":6,"minecraft:sleep_in_bed":3,"minecraft:time_since_rest":25033,"minecraft:damage_taken":1982,"minecraft:damage_dealt":8235,"minecraft:player_kills":1,"minecraft:fly_one_cm":270427,"minecraft:open_chest":15,"minecraft:crouch_one_cm":3316,"minecraft:fall_one_cm":51936},"minecraft:picked_up":{"minecraft:crafting_table":2,"minecraft:iron_chestplate":1,"minecraft:wheat":17,"minecraft:azure_bluet":1,"minecraft:smithing_table":3,"minecraft:shield":2,"minecraft:cornflower":1,"minecraft:iron_shovel":2,"minecraft:spruce_planks":1,"minecraft:beef":12,"minecraft:poppy":3,"minecraft:furnace":2,"minecraft:stick":3,"minecraft:raw_iron":37,"minecraft:torch":3,"minecraft:porkchop":10,"minecraft:pointed_dripstone":1,"minecraft:stone_sword":1,"minecraft:arrow":4,"minecraft:rotten_flesh":4,"minecraft:white_terracotta":1,"minecraft:mutton":10,"minecraft:cobblestone":82,"minecraft:white_wool":12,"minecraft:birch_log":13,"minecraft:cooked_beef":24,"minecraft:birch_slab":9,"minecraft:leather":18,"minecraft:potato":3,"minecraft:birch_planks":8,"minecraft:flint":4,"minecraft:yellow_bed":9,"minecraft:dirt":551,"minecraft:cooked_mutton":20,"minecraft:leather_boots":1,"minecraft:bone":3,"minecraft:apple":6,"minecraft:wheat_seeds":10,"minecraft:bell":2,"minecraft:stone_pickaxe":1,"minecraft:iron_ingot":11,"minecraft:rabbit":1,"minecraft:stone_hoe":1,"minecraft:oak_planks":2,"minecraft:cooked_porkchop":6,"minecraft:gravel":38,"minecraft:spruce_sapling":4,"minecraft:white_bed":2,"minecraft:spruce_log":20,"minecraft:leather_helmet":1,"minecraft:bread":43,"minecraft:coal":54,"minecraft:ender_pearl":1}},"DataVersion":3953}