{"stats":{"minecraft:mined":{"minecraft:white_bed":2,"minecraft:spruce_planks":1,"minecraft:oak_sapling":1,"minecraft:grass_block":373,"minecraft:composter":2,"minecraft:iron_ore":56,"minecraft:barrel":22,"minecraft:fletching_table":7,"minecraft:azure_bluet":3,"minecraft:pointed_dripstone":1,"minecraft:dirt_path":1,"minecraft:tripwire":12,"minecraft:deepslate_redstone_ore":10,"minecraft:clay":1,"minecraft:torch":5,"minecraft:poppy":1,"minecraft:chest":3,"minecraft:cobblestone":67,"minecraft:oak_planks":20,"minecraft:wall_torch":7,"minecraft:white_terracotta":1,"minecraft:birch_log":13,"minecraft:wheat":2,"minecraft:birch_trapdoor":2,"minecraft:oak_log":6,"minecraft:dirt":549,"minecraft:tripwire_hook":3,"minecraft:dispenser":4,"minecraft:oak_leaves":22,"minecraft:deepslate":25,"minecraft:tuff":4,"minecraft:deepslate_diamond_ore":37,"minecraft:redstone_wire":11,"minecraft:birch_slab":2,"minecraft:spruce_leaves":24,"minecraft:moss_block":1,"minecraft:redstone_ore":7,"minecraft:oak_trapdoor":1,"minecraft:furnace":4,"minecraft:bell":2,"minecraft:bookshelf":7,"minecraft:potatoes":2,"minecraft:vine":1,"minecraft:deepslate_iron_ore":19,"minecraft:stone":417,"minecraft:smithing_table":2,"minecraft:oak_slab":11,"minecraft:dandelion":20,"minecraft:crafting_table":2,"minecraft:short_grass":157,"minecraft:dropper":2,"minecraft:campfire":9,"minecraft:lectern":12,"minecraft:deepslate_gold_ore":13,"minecraft:redstone_torch":1,"minecraft:spruce_log":56,"minecraft:birch_leaves":2,"minecraft:yellow_bed":10,"minecraft:coal_ore":57,"minecraft:gravel":45,"minecraft:dripstone_block":3,"minecraft:fern":1},"minecraft:used":{"minecraft:moss_block":1,"minecraft:iron_shovel":325,"minecraft:dispenser":5,"minecraft:poppy":7,"minecraft:oak_sign":2,"minecraft:white_terracotta":1,"minecraft:chest":9,"minecraft:shield":34,"minecraft:bell":2,"minecraft:rotten_flesh":3,"minecraft:iron_chestplate":1,"minecraft:axolotl_bucket":5,"minecraft:big_dripleaf":1,"minecraft:glass":2,"minecraft:lava_bucket":7,"minecraft:birch_trapdoor":4,"minecraft:repeater":2,"minecraft:furnace":5,"minecraft:oak_sapling":2,"minecraft:potato":14,"minecraft:diorite":2,"minecraft:dropper":2,"minecraft:stone_pickaxe":131,"minecraft:oak_planks":21,"minecraft:ender_pearl":1,"minecraft:wooden_pickaxe":19,"minecraft:composter":3,"minecraft:cookie":8,"minecraft:glow_berries":1,"minecraft:blast_furnace":1,"minecraft:dripstone_block":5,"minecraft:shears":17,"minecraft:redstone_torch":2,"minecraft:lever":7,"minecraft:birch_slab":5,"minecraft:bread":9,"minecraft:string":36,"minecraft:lectern":14,"minecraft:gravel":40,"minecraft:diamond_sword":170,"minecraft:smithing_table":2,"minecraft:bone_meal":3,"minecraft:oak_trapdoor":7,"minecraft:stone_sword":122,"minecraft:stone_shovel":262,"minecraft:redstone":17,"minecraft:spruce_planks":1,"minecraft:stone_hoe":19,"minecraft:torch":185,"minecraft:dirt":689,"minecraft:anvil":1,"minecraft:hopper":4,"minecraft:bookshelf":7,"minecraft:iron_axe":243,"minecraft:barrel":29,"minecraft:tripwire_hook":15,"minecraft:golden_carrot":26,"minecraft:cooked_beef":12,"minecraft:iron_leggings":2,"minecraft:pointed_dripstone":3,"minecraft:cooked_mutton":10,"minecraft:water_bucket":40,"minecraft:brown_mushroom":1,"minecraft:fletching_table":7,"minecraft:cobblestone_slab":3,"minecraft:oak_slab":25,"minecraft:crafting_table":5,"minecraft:red_bed":1,"minecraft:campfire":10,"minecraft:white_bed":9,"minecraft:spruce_log":3,"minecraft:diamond_pickaxe":275,"minecraft:apple":9,"minecraft:diamond_shovel":292,"minecraft:suspicious_stew":3,"minecraft:iron_pickaxe":312,"minecraft:spruce_sapling":5,"minecraft:stone_axe":84,"minecraft:cobblestone":137,"minecraft:cooked_porkchop":10,"minecraft:bucket":55,"minecraft:yellow_bed":10},"minecraft:custom":{"minecraft:interact_with_crafting_table":79,"minecraft:open_barrel":4,"minecraft:bell_ring":3,"minecraft:leave_game":18,"minecraft:time_since_death":197274,"minecraft:sprint_one_cm":380419,"minecraft:damage_blocked_by_shield":2014,"minecraft:drop":351,"minecraft:talked_to_villager":460,"minecraft:play_time":396995,"minecraft:deaths":7,"minecraft:jump":6574,"minecraft:walk_on_water_one_cm":68422,"minecraft:interact_with_furnace":36,"minecraft:traded_with_villager":1779,"minecraft:sleep_in_bed":20,"minecraft:damage_dealt":29734,"minecraft:player_kills":2,"minecraft:crouch_one_cm":20690,"minecraft:inspect_dispenser":11,"minecraft:inspect_dropper":5,"minecraft:mob_kills":86,"minecraft:interact_with_anvil":7,"minecraft:inspect_hopper":12,"minecraft:interact_with_campfire":29,"minecraft:climb_one_cm":1412,"minecraft:walk_one_cm":1542917,"minecraft:sneak_time":10298,"minecraft:walk_under_water_one_cm":26754,"minecraft:total_world_time":396995,"minecraft:time_since_rest":2176,"minecraft:damage_taken":7241,"minecraft:swim_one_cm":21217,"minecraft:fly_one_cm":619688,"minecraft:open_chest":375,"minecraft:fall_one_cm":184319},"minecraft:picked_up":{"minecraft:iron_chestplate":4,"minecraft:wheat":19,"minecraft:chainmail_boots":1,"minecraft:suspicious_stew":7,"minecraft:smithing_table":4,"minecraft:diamond_sword":4,"minecraft:string":34738,"minecraft:cooked_salmon":2,"minecraft:iron_leggings":4,"minecraft:oak_sign":3,"minecraft:cobbled_deepslate":48,"minecraft:bucket":3,"minecraft:spruce_planks":33,"minecraft:redstone_torch":1,"minecraft:iron_pickaxe":2,"minecraft:furnace":5,"minecraft:stick":14,"minecraft:birch_trapdoor":2,"minecraft:composter":2,"minecraft:big_dripleaf":1,"minecraft:torch":13,"minecraft:porkchop":10,"minecraft:pointed_dripstone":3,"minecraft:diorite":13,"minecraft:stone_sword":2,"minecraft:rotten_flesh":19,"minecraft:white_terracotta":1,"minecraft:cobblestone":670,"minecraft:birch_log":14,"minecraft:cooked_beef":24,"minecraft:birch_slab":20,"minecraft:water_bucket":1,"minecraft:potato":8,"minecraft:flint":5,"minecraft:tuff":4,"minecraft:dirt":1140,"minecraft:leather_boots":1,"minecraft:bone":7,"minecraft:wheat_seeds":155,"minecraft:raw_gold":13,"minecraft:bell":2,"minecraft:fletching_table":7,"minecraft:rabbit":1,"minecraft:moss_block":1,"minecraft:oak_planks":23,"minecraft:stone_hoe":2,"minecraft:cooked_porkchop":6,"minecraft:dropper":2,"minecraft:barrel":22,"minecraft:dispenser":4,"minecraft:diamond":75,"minecraft:lever":4,"minecraft:bone_meal":1,"minecraft:chainmail_helmet":21,"minecraft:bread":339,"minecraft:emerald":19,"minecraft:oak_sapling":2,"minecraft:charcoal":50,"minecraft:crafting_table":3,"minecraft:azure_bluet":5,"minecraft:brown_mushroom":2,"minecraft:shield":5,"minecraft:cornflower":1,"minecraft:oak_trapdoor":2,"minecraft:iron_axe":3,"minecraft:iron_shovel":5,"minecraft:beef":12,"minecraft:poppy":25,"minecraft:lectern":13,"minecraft:chest":3,"minecraft:raw_iron":82,"minecraft:bowl":1,"minecraft:cookie":333,"minecraft:redstone":95,"minecraft:arrow":12,"minecraft:stone_shovel":13,"minecraft:shears":1,"minecraft:glow_berries":1,"minecraft:mutton":10,"minecraft:white_wool":18,"minecraft:golden_carrot":58,"minecraft:tripwire_hook":9,"minecraft:glow_ink_sac":3,"minecraft:salmon":2,"minecraft:leather":27,"minecraft:birch_planks":8,"minecraft:oak_log":9,"minecraft:gunpowder":5,"minecraft:yellow_bed":12,"minecraft:cooked_mutton":20,"minecraft:apple":42,"minecraft:iron_ingot":122,"minecraft:stone_pickaxe":1,"minecraft:book":21,"minecraft:oak_slab":25,"minecraft:dandelion":21,"minecraft:dripstone_block":7,"minecraft:gravel":40,"minecraft:spruce_sapling":7,"minecraft:white_bed":4,"minecraft:spruce_log":79,"minecraft:spider_eye":4,"minecraft:leather_helmet":1,"minecraft:coal":102,"minecraft:hopper":3,"minecraft:ender_pearl":2},"minecraft:killed":{"minecraft:witch":1,"minecraft:spider":5,"minecraft:skeleton":11,"minecraft:pig":6,"minecraft:zombie_villager":1,"minecraft:salmon":2,"minecraft:iron_golem":20,"minecraft:creeper":4,"minecraft:sheep":6,"minecraft:zombie":21,"minecraft:cow":6,"minecraft:villager":1,"minecraft:enderman":1},"minecraft:crafted":{"minecraft:smooth_stone":3,"minecraft:oak_planks":36,"minecraft:chainmail_helmet":11,"minecraft:cobblestone_slab":6,"minecraft:barrel":10,"minecraft:birch_slab":12,"minecraft:stone":9,"minecraft:lever":3,"minecraft:diamond_shovel":3,"minecraft:bookshelf":10,"minecraft:suspicious_stew":7,"minecraft:hopper":2,"minecraft:glass":2,"minecraft:repeater":2,"minecraft:diamond_helmet":2,"minecraft:diamond_leggings":4,"minecraft:bow":1,"minecraft:chest":8,"minecraft:stone_hoe":1,"minecraft:dropper":1,"minecraft:oak_slab":24,"minecraft:emerald":1719,"minecraft:cooked_porkchop":5,"minecraft:crafting_table":4,"minecraft:spruce_planks":128,"minecraft:wooden_pickaxe":1,"minecraft:fletching_table":2,"minecraft:birch_planks":68,"minecraft:campfire":10,"minecraft:dispenser":1,"minecraft:apple":36,"minecraft:lectern":3,"minecraft:iron_chestplate":1,"minecraft:diamond_pickaxe":5,"minecraft:emerald_block":68,"minecraft:shield":2,"minecraft:stick":88,"minecraft:iron_ingot":86,"minecraft:iron_pickaxe":4,"minecraft:iron_block":5,"minecraft:stone_sword":1,"minecraft:redstone_torch":5,"minecraft:composter":1,"minecraft:shears":1,"minecraft:golden_carrot":72,"minecraft:cookie":18,"minecraft:stone_shovel":22,"minecraft:tripwire_hook":6,"minecraft:furnace":2,"minecraft:blast_furnace":1,"minecraft:bone_meal":3,"minecraft:iron_axe":1,"minecraft:spruce_slab":18,"minecraft:stone_pickaxe":1,"minecraft:diamond_boots":2,"minecraft:red_dye":1,"minecraft:diamond_sword":1,"minecraft:red_bed":1,"minecraft:bucket":2,"minecraft:stone_axe":1,"minecraft:enchanted_book":3,"minecraft:bread":874,"minecraft:air":0,"minecraft:white_wool":18,"minecraft:chainmail_boots":12,"minecraft:birch_trapdoor":2,"minecraft:iron_shovel":7,"minecraft:iron_leggings":10,"minecraft:anvil":1,"minecraft:white_bed":8,"minecraft:torch":172,"minecraft:diamond_chestplate":2},"minecraft:dropped":{"minecraft:glow_ink_sac":3,"minecraft:diamond":4,"minecraft:crafting_table":1,"minecraft:cookie":75,"minecraft:emerald":11,"minecraft:flint":1,"minecraft:dirt":26,"minecraft:cornflower":1,"minecraft:bone_meal":1,"minecraft:iron_pickaxe":2,"minecraft:bone":6,"minecraft:wheat":19,"minecraft:rotten_flesh":13,"minecraft:azure_bluet":15,"minecraft:white_bed":2,"minecraft:poppy":14,"minecraft:dropper":1,"minecraft:beetroot_seeds":1,"minecraft:hopper":1,"minecraft:chainmail_boots":11,"minecraft:arrow":3,"minecraft:iron_ingot":28,"minecraft:water_bucket":2,"minecraft:bread":1113,"minecraft:oak_slab":12,"minecraft:wheat_seeds":102,"minecraft:dripstone_block":2,"minecraft:diamond_leggings":1,"minecraft:cobblestone":10,"minecraft:chainmail_helmet":30,"minecraft:coal":25,"minecraft:stick":1,"minecraft:diorite":11,"minecraft:rabbit":1,"minecraft:cooked_salmon":2,"minecraft:diamond_helmet":1,"minecraft:iron_leggings":12,"minecraft:iron_shovel":5,"minecraft:string":4335,"minecraft:dandelion":21,"minecraft:redstone":3,"minecraft:bowl":4,"minecraft:tuff":4,"minecraft:stone_shovel":33,"minecraft:shears":1,"minecraft:suspicious_stew":11,"minecraft:diamond_sword":2,"minecraft:cobblestone_slab":3,"minecraft:potato":13,"minecraft:shield":2,"minecraft:spruce_planks":1,"minecraft:iron_chestplate":1,"minecraft:oak_sapling":3,"minecraft:spider_eye":1,"minecraft:diamond_boots":1},"minecraft:killed_by":{"minecraft:enderman":1,"minecraft:iron_golem":1,"minecraft:skeleton":1},"minecraft:broken":{"minecraft:iron_shovel":1,"minecraft:stone_pickaxe":1,"minecraft:stone_axe":1,"minecraft:stone_shovel":2,"minecraft:leather_helmet":1,"minecraft:stone_sword":1,"minecraft:iron_axe":1,"minecraft:leather_boots":1,"minecraft:iron_pickaxe":1}},"DataVersion":3953}