{"stats":{"minecraft:killed":{"minecraft:spider":3,"minecraft:skeleton":7,"minecraft:pig":6,"minecraft:zombie_villager":1,"minecraft:iron_golem":4,"minecraft:creeper":1,"minecraft:sheep":6,"minecraft:zombie":10,"minecraft:villager":1,"minecraft:enderman":1,"minecraft:cow":6},"minecraft:picked_up":{"minecraft:iron_chestplate":1,"minecraft:crafting_table":2,"minecraft:wheat":17,"minecraft:azure_bluet":2,"minecraft:smithing_table":3,"minecraft:shield":2,"minecraft:cornflower":1,"minecraft:string":100,"minecraft:iron_shovel":2,"minecraft:cobbled_deepslate":24,"minecraft:spruce_planks":1,"minecraft:beef":12,"minecraft:poppy":4,"minecraft:furnace":3,"minecraft:stick":3,"minecraft:raw_iron":68,"minecraft:birch_trapdoor":2,"minecraft:big_dripleaf":1,"minecraft:torch":4,"minecraft:porkchop":10,"minecraft:pointed_dripstone":3,"minecraft:rotten_flesh":8,"minecraft:stone_sword":1,"minecraft:arrow":5,"minecraft:white_terracotta":1,"minecraft:mutton":10,"minecraft:cobblestone":222,"minecraft:white_wool":12,"minecraft:birch_log":14,"minecraft:cooked_beef":24,"minecraft:tripwire_hook":2,"minecraft:birch_slab":9,"minecraft:leather":18,"minecraft:potato":3,"minecraft:birch_planks":8,"minecraft:flint":4,"minecraft:tuff":4,"minecraft:yellow_bed":9,"minecraft:dirt":612,"minecraft:cooked_mutton":20,"minecraft:leather_boots":1,"minecraft:bone":4,"minecraft:apple":6,"minecraft:wheat_seeds":11,"minecraft:raw_gold":13,"minecraft:bell":2,"minecraft:stone_pickaxe":1,"minecraft:iron_ingot":14,"minecraft:rabbit":1,"minecraft:oak_planks":2,"minecraft:stone_hoe":1,"minecraft:cooked_porkchop":6,"minecraft:dandelion":10,"minecraft:dripstone_block":5,"minecraft:gravel":38,"minecraft:spruce_sapling":4,"minecraft:white_bed":2,"minecraft:spruce_log":20,"minecraft:spider_eye":3,"minecraft:leather_helmet":1,"minecraft:diamond":37,"minecraft:lever":1,"minecraft:bread":43,"minecraft:coal":81,"minecraft:ender_pearl":1},"minecraft:custom":{"minecraft:mob_kills":47,"minecraft:interact_with_crafting_table":30,"minecraft:open_barrel":1,"minecraft:interact_with_campfire":27,"minecraft:bell_ring":3,"minecraft:leave_game":11,"minecraft:time_since_death":67046,"minecraft:climb_one_cm":76,"minecraft:sprint_one_cm":202839,"minecraft:walk_one_cm":552983,"minecraft:damage_blocked_by_shield":1826,"minecraft:drop":45,"minecraft:talked_to_villager":6,"minecraft:play_time":130534,"minecraft:deaths":1,"minecraft:sneak_time":2517,"minecraft:walk_under_water_one_cm":2490,"minecraft:jump":2744,"minecraft:walk_on_water_one_cm":12398,"minecraft:total_world_time":130534,"minecraft:interact_with_furnace":10,"minecraft:sleep_in_bed":4,"minecraft:time_since_rest":17035,"minecraft:damage_taken":3052,"minecraft:damage_dealt":11231,"minecraft:player_kills":1,"minecraft:swim_one_cm":7138,"minecraft:fly_one_cm":337378,"minecraft:open_chest":20,"minecraft:crouch_one_cm":5452,"minecraft:fall_one_cm":70595},"minecraft:killed_by":{"minecraft:enderman":1},"minecraft:crafted":{"minecraft:stone_shovel":2,"minecraft:barrel":1,"minecraft:tripwire_hook":2,"minecraft:birch_slab":12,"minecraft:furnace":1,"minecraft:lever":1,"minecraft:bone_meal":3,"minecraft:iron_axe":1,"minecraft:spruce_slab":6,"minecraft:stone_pickaxe":1,"minecraft:chest":1,"minecraft:stone_hoe":1,"minecraft:cooked_porkchop":5,"minecraft:crafting_table":3,"minecraft:spruce_planks":32,"minecraft:wooden_pickaxe":1,"minecraft:fletching_table":2,"minecraft:bucket":1,"minecraft:birch_planks":68,"minecraft:campfire":1,"minecraft:stone_axe":1,"minecraft:air":0,"minecraft:iron_chestplate":1,"minecraft:shield":2,"minecraft:stick":52,"minecraft:iron_ingot":26,"minecraft:iron_pickaxe":2,"minecraft:birch_trapdoor":2,"minecraft:stone_sword":1,"minecraft:iron_shovel":2,"minecraft:composter":1,"minecraft:torch":96,"minecraft:shears":1},"minecraft:broken":{"minecraft:leather_helmet":1,"minecraft:stone_pickaxe":1,"minecraft:leather_boots":1,"minecraft:stone_axe":1,"minecraft:iron_pickaxe":1,"minecraft:stone_shovel":2},"minecraft:used":{"minecraft:stone_sword":116,"minecraft:iron_shovel":130,"minecraft:stone_shovel":262,"minecraft:poppy":1,"minecraft:chest":1,"minecraft:spruce_planks":1,"minecraft:shield":32,"minecraft:white_terracotta":1,"minecraft:bell":2,"minecraft:stone_hoe":18,"minecraft:rotten_flesh":2,"minecraft:iron_chestplate":1,"minecraft:torch":100,"minecraft:dirt":218,"minecraft:axolotl_bucket":2,"minecraft:big_dripleaf":1,"minecraft:iron_axe":28,"minecraft:barrel":1,"minecraft:birch_trapdoor":4,"minecraft:tripwire_hook":4,"minecraft:furnace":3,"minecraft:cooked_beef":12,"minecraft:potato":12,"minecraft:pointed_dripstone":3,"minecraft:cooked_mutton":10,"minecraft:water_bucket":6,"minecraft:stone_pickaxe":131,"minecraft:oak_planks":2,"minecraft:wooden_pickaxe":19,"minecraft:composter":1,"minecraft:fletching_table":2,"minecraft:crafting_table":4,"minecraft:campfire":1,"minecraft:dripstone_block":5,"minecraft:shears":11,"minecraft:spruce_log":3,"minecraft:lever":2,"minecraft:apple":4,"minecraft:bread":5,"minecraft:string":19,"minecraft:iron_pickaxe":270,"minecraft:gravel":38,"minecraft:stone_axe":84,"minecraft:cobblestone":49,"minecraft:cooked_porkchop":10,"minecraft:smithing_table":1,"minecraft:bucket":8,"minecraft:yellow_bed":7,"minecraft:bone_meal":3},"minecraft:mined":{"minecraft:tuff":4,"minecraft:spruce_planks":1,"minecraft:white_bed":2,"minecraft:deepslate_diamond_ore":37,"minecraft:grass_block":139,"minecraft:spruce_leaves":14,"minecraft:furnace":2,"minecraft:iron_ore":49,"minecraft:azure_bluet":2,"minecraft:bell":2,"minecraft:dirt_path":1,"minecraft:pointed_dripstone":1,"minecraft:potatoes":1,"minecraft:deepslate_iron_ore":19,"minecraft:vine":1,"minecraft:stone":182,"minecraft:tripwire":3,"minecraft:smithing_table":2,"minecraft:dandelion":9,"minecraft:clay":1,"minecraft:crafting_table":2,"minecraft:torch":2,"minecraft:short_grass":88,"minecraft:cobblestone":25,"minecraft:deepslate_gold_ore":13,"minecraft:oak_planks":2,"minecraft:wall_torch":2,"minecraft:white_terracotta":1,"minecraft:birch_log":12,"minecraft:birch_trapdoor":2,"minecraft:spruce_log":14,"minecraft:birch_leaves":2,"minecraft:yellow_bed":8,"minecraft:coal_ore":54,"minecraft:gravel":42,"minecraft:dripstone_block":3,"minecraft:dirt":288,"minecraft:tripwire_hook":2,"minecraft:deepslate":25,"minecraft:fern":1},"minecraft:dropped":{"minecraft:bread":43,"minecraft:wheat_seeds":11,"minecraft:cobblestone":7,"minecraft:coal":25,"minecraft:cornflower":1,"minecraft:rabbit":1,"minecraft:bone":3,"minecraft:dandelion":8,"minecraft:tuff":4,"minecraft:wheat":17,"minecraft:rotten_flesh":6,"minecraft:azure_bluet":2,"minecraft:white_bed":2,"minecraft:poppy":3,"minecraft:potato":10,"minecraft:shield":2,"minecraft:spider_eye":1}},"DataVersion":3953}