{"stats":{"minecraft:mined":{"minecraft:white_bed":2,"minecraft:spruce_planks":1,"minecraft:grass_block":215,"minecraft:composter":2,"minecraft:iron_ore":49,"minecraft:barrel":8,"minecraft:fletching_table":7,"minecraft:azure_bluet":2,"minecraft:pointed_dripstone":1,"minecraft:dirt_path":1,"minecraft:tripwire":4,"minecraft:deepslate_redstone_ore":10,"minecraft:clay":1,"minecraft:torch":2,"minecraft:poppy":1,"minecraft:chest":2,"minecraft:cobblestone":41,"minecraft:oak_planks":10,"minecraft:wall_torch":2,"minecraft:white_terracotta":1,"minecraft:birch_log":12,"minecraft:birch_trapdoor":2,"minecraft:oak_log":6,"minecraft:dirt":339,"minecraft:tripwire_hook":2,"minecraft:dispenser":4,"minecraft:oak_leaves":22,"minecraft:deepslate":25,"minecraft:tuff":4,"minecraft:deepslate_diamond_ore":37,"minecraft:redstone_wire":11,"minecraft:spruce_leaves":22,"minecraft:moss_block":1,"minecraft:redstone_ore":7,"minecraft:furnace":4,"minecraft:bell":2,"minecraft:potatoes":1,"minecraft:deepslate_iron_ore":19,"minecraft:vine":1,"minecraft:stone":185,"minecraft:smithing_table":2,"minecraft:dandelion":19,"minecraft:crafting_table":2,"minecraft:short_grass":131,"minecraft:dropper":2,"minecraft:campfire":8,"minecraft:deepslate_gold_ore":13,"minecraft:redstone_torch":1,"minecraft:spruce_log":46,"minecraft:birch_leaves":2,"minecraft:yellow_bed":10,"minecraft:coal_ore":57,"minecraft:gravel":45,"minecraft:dripstone_block":3,"minecraft:fern":1},"minecraft:used":{"minecraft:moss_block":1,"minecraft:iron_shovel":248,"minecraft:dispenser":5,"minecraft:poppy":3,"minecraft:white_terracotta":1,"minecraft:chest":7,"minecraft:shield":33,"minecraft:bell":2,"minecraft:rotten_flesh":3,"minecraft:iron_chestplate":1,"minecraft:axolotl_bucket":4,"minecraft:big_dripleaf":1,"minecraft:lava_bucket":3,"minecraft:birch_trapdoor":4,"minecraft:repeater":2,"minecraft:furnace":5,"minecraft:oak_sapling":1,"minecraft:potato":12,"minecraft:diorite":2,"minecraft:dropper":2,"minecraft:stone_pickaxe":131,"minecraft:oak_planks":10,"minecraft:ender_pearl":1,"minecraft:wooden_pickaxe":19,"minecraft:composter":3,"minecraft:cookie":8,"minecraft:glow_berries":1,"minecraft:blast_furnace":1,"minecraft:dripstone_block":5,"minecraft:shears":11,"minecraft:redstone_torch":2,"minecraft:lever":2,"minecraft:birch_slab":3,"minecraft:bread":9,"minecraft:string":19,"minecraft:gravel":40,"minecraft:diamond_sword":53,"minecraft:smithing_table":2,"minecraft:bone_meal":3,"minecraft:stone_sword":122,"minecraft:stone_shovel":262,"minecraft:redstone":17,"minecraft:spruce_planks":1,"minecraft:stone_hoe":18,"minecraft:torch":104,"minecraft:dirt":417,"minecraft:anvil":1,"minecraft:hopper":4,"minecraft:iron_axe":126,"minecraft:barrel":12,"minecraft:tripwire_hook":4,"minecraft:golden_carrot":18,"minecraft:cooked_beef":12,"minecraft:iron_leggings":2,"minecraft:pointed_dripstone":3,"minecraft:cooked_mutton":10,"minecraft:water_bucket":23,"minecraft:fletching_table":7,"minecraft:crafting_table":4,"minecraft:red_bed":1,"minecraft:campfire":9,"minecraft:spruce_log":3,"minecraft:diamond_pickaxe":10,"minecraft:apple":9,"minecraft:suspicious_stew":3,"minecraft:iron_pickaxe":312,"minecraft:spruce_sapling":3,"minecraft:stone_axe":84,"minecraft:cobblestone":109,"minecraft:cooked_porkchop":10,"minecraft:bucket":30,"minecraft:yellow_bed":10},"minecraft:custom":{"minecraft:interact_with_crafting_table":50,"minecraft:open_barrel":1,"minecraft:bell_ring":3,"minecraft:leave_game":15,"minecraft:time_since_death":36744,"minecraft:sprint_one_cm":300023,"minecraft:damage_blocked_by_shield":1886,"minecraft:drop":158,"minecraft:talked_to_villager":164,"minecraft:play_time":236465,"minecraft:deaths":7,"minecraft:jump":4594,"minecraft:walk_on_water_one_cm":40997,"minecraft:interact_with_furnace":29,"minecraft:traded_with_villager":534,"minecraft:sleep_in_bed":12,"minecraft:damage_dealt":16623,"minecraft:player_kills":2,"minecraft:crouch_one_cm":11825,"minecraft:inspect_dispenser":11,"minecraft:inspect_dropper":5,"minecraft:interact_with_anvil":2,"minecraft:mob_kills":64,"minecraft:inspect_hopper":7,"minecraft:interact_with_campfire":29,"minecraft:climb_one_cm":1412,"minecraft:walk_one_cm":924483,"minecraft:sneak_time":5768,"minecraft:walk_under_water_one_cm":14889,"minecraft:total_world_time":236465,"minecraft:time_since_rest":17778,"minecraft:damage_taken":6914,"minecraft:swim_one_cm":20724,"minecraft:fly_one_cm":484731,"minecraft:open_chest":98,"minecraft:fall_one_cm":147198},"minecraft:picked_up":{"minecraft:iron_chestplate":4,"minecraft:wheat":17,"minecraft:chainmail_boots":1,"minecraft:suspicious_stew":7,"minecraft:smithing_table":4,"minecraft:diamond_sword":2,"minecraft:string":8665,"minecraft:iron_leggings":4,"minecraft:cobbled_deepslate":48,"minecraft:bucket":2,"minecraft:spruce_planks":33,"minecraft:redstone_torch":1,"minecraft:iron_pickaxe":2,"minecraft:furnace":5,"minecraft:stick":14,"minecraft:birch_trapdoor":2,"minecraft:composter":2,"minecraft:big_dripleaf":1,"minecraft:torch":4,"minecraft:porkchop":10,"minecraft:pointed_dripstone":3,"minecraft:diorite":13,"minecraft:stone_sword":2,"minecraft:rotten_flesh":15,"minecraft:white_terracotta":1,"minecraft:cobblestone":412,"minecraft:birch_log":14,"minecraft:cooked_beef":24,"minecraft:birch_slab":18,"minecraft:water_bucket":1,"minecraft:potato":3,"minecraft:flint":5,"minecraft:tuff":4,"minecraft:dirt":767,"minecraft:leather_boots":1,"minecraft:bone":7,"minecraft:wheat_seeds":144,"minecraft:raw_gold":13,"minecraft:bell":2,"minecraft:rabbit":1,"minecraft:fletching_table":7,"minecraft:moss_block":1,"minecraft:oak_planks":10,"minecraft:stone_hoe":2,"minecraft:cooked_porkchop":6,"minecraft:dropper":2,"minecraft:barrel":8,"minecraft:dispenser":4,"minecraft:diamond":75,"minecraft:lever":1,"minecraft:bone_meal":1,"minecraft:bread":243,"minecraft:emerald":19,"minecraft:chainmail_helmet":1,"minecraft:oak_sapling":1,"minecraft:charcoal":48,"minecraft:crafting_table":3,"minecraft:azure_bluet":4,"minecraft:shield":5,"minecraft:cornflower":1,"minecraft:iron_axe":3,"minecraft:iron_shovel":5,"minecraft:beef":12,"minecraft:poppy":11,"minecraft:lectern":1,"minecraft:chest":2,"minecraft:raw_iron":68,"minecraft:bowl":1,"minecraft:cookie":333,"minecraft:redstone":95,"minecraft:arrow":12,"minecraft:shears":1,"minecraft:glow_berries":1,"minecraft:mutton":10,"minecraft:white_wool":18,"minecraft:golden_carrot":58,"minecraft:tripwire_hook":2,"minecraft:glow_ink_sac":3,"minecraft:salmon":2,"minecraft:leather":27,"minecraft:birch_planks":8,"minecraft:oak_log":9,"minecraft:yellow_bed":12,"minecraft:gunpowder":2,"minecraft:cooked_mutton":20,"minecraft:apple":42,"minecraft:iron_ingot":63,"minecraft:stone_pickaxe":1,"minecraft:oak_slab":12,"minecraft:dandelion":20,"minecraft:dripstone_block":7,"minecraft:gravel":40,"minecraft:spruce_sapling":5,"minecraft:white_bed":2,"minecraft:spruce_log":69,"minecraft:spider_eye":3,"minecraft:leather_helmet":1,"minecraft:coal":102,"minecraft:hopper":3,"minecraft:ender_pearl":2},"minecraft:killed":{"minecraft:witch":1,"minecraft:spider":3,"minecraft:skeleton":11,"minecraft:pig":6,"minecraft:zombie_villager":1,"minecraft:salmon":2,"minecraft:iron_golem":7,"minecraft:creeper":2,"minecraft:sheep":6,"minecraft:zombie":16,"minecraft:cow":6,"minecraft:villager":1,"minecraft:enderman":1},"minecraft:crafted":{"minecraft:smooth_stone":3,"minecraft:oak_planks":36,"minecraft:chainmail_helmet":8,"minecraft:barrel":4,"minecraft:birch_slab":12,"minecraft:stone":9,"minecraft:lever":1,"minecraft:suspicious_stew":7,"minecraft:hopper":2,"minecraft:repeater":2,"minecraft:diamond_leggings":4,"minecraft:bow":1,"minecraft:chest":7,"minecraft:stone_hoe":1,"minecraft:dropper":1,"minecraft:oak_slab":12,"minecraft:emerald":412,"minecraft:cooked_porkchop":5,"minecraft:crafting_table":3,"minecraft:spruce_planks":100,"minecraft:wooden_pickaxe":1,"minecraft:fletching_table":2,"minecraft:birch_planks":68,"minecraft:campfire":9,"minecraft:dispenser":1,"minecraft:apple":36,"minecraft:iron_chestplate":1,"minecraft:diamond_pickaxe":1,"minecraft:shield":2,"minecraft:stick":68,"minecraft:iron_ingot":86,"minecraft:iron_pickaxe":2,"minecraft:iron_block":5,"minecraft:stone_sword":1,"minecraft:redstone_torch":5,"minecraft:composter":1,"minecraft:shears":1,"minecraft:golden_carrot":36,"minecraft:cookie":18,"minecraft:stone_shovel":2,"minecraft:tripwire_hook":2,"minecraft:furnace":2,"minecraft:blast_furnace":1,"minecraft:bone_meal":3,"minecraft:iron_axe":1,"minecraft:spruce_slab":6,"minecraft:stone_pickaxe":1,"minecraft:diamond_boots":1,"minecraft:red_dye":1,"minecraft:diamond_sword":1,"minecraft:red_bed":1,"minecraft:bucket":1,"minecraft:stone_axe":1,"minecraft:bread":300,"minecraft:air":0,"minecraft:chainmail_boots":12,"minecraft:birch_trapdoor":2,"minecraft:iron_shovel":2,"minecraft:iron_leggings":10,"minecraft:anvil":1,"minecraft:white_bed":1,"minecraft:torch":100},"minecraft:dropped":{"minecraft:glow_ink_sac":3,"minecraft:diamond":4,"minecraft:crafting_table":1,"minecraft:cookie":75,"minecraft:emerald":11,"minecraft:flint":1,"minecraft:dirt":6,"minecraft:cornflower":1,"minecraft:bone_meal":1,"minecraft:bone":6,"minecraft:wheat":17,"minecraft:rotten_flesh":9,"minecraft:azure_bluet":14,"minecraft:white_bed":2,"minecraft:poppy":6,"minecraft:dropper":1,"minecraft:beetroot_seeds":1,"minecraft:hopper":1,"minecraft:chainmail_boots":11,"minecraft:arrow":3,"minecraft:iron_ingot":28,"minecraft:bread":443,"minecraft:oak_slab":12,"minecraft:wheat_seeds":89,"minecraft:dripstone_block":2,"minecraft:diamond_leggings":1,"minecraft:cobblestone":8,"minecraft:chainmail_helmet":7,"minecraft:coal":25,"minecraft:stick":1,"minecraft:diorite":11,"minecraft:rabbit":1,"minecraft:iron_leggings":12,"minecraft:string":2,"minecraft:dandelion":20,"minecraft:redstone":3,"minecraft:bowl":4,"minecraft:tuff":4,"minecraft:shears":1,"minecraft:suspicious_stew":11,"minecraft:potato":10,"minecraft:shield":2,"minecraft:spruce_planks":1,"minecraft:oak_sapling":1,"minecraft:spider_eye":1},"minecraft:killed_by":{"minecraft:enderman":1,"minecraft:iron_golem":1,"minecraft:skeleton":1},"minecraft:broken":{"minecraft:stone_pickaxe":1,"minecraft:stone_axe":1,"minecraft:stone_shovel":2,"minecraft:leather_helmet":1,"minecraft:stone_sword":1,"minecraft:leather_boots":1,"minecraft:iron_pickaxe":1}},"DataVersion":3953}