{"stats":{"minecraft:used":{"minecraft:stone_axe":6,"minecraft:stone_sword":2,"minecraft:crafting_table":1,"minecraft:wooden_pickaxe":19},"minecraft:killed":{"minecraft:sheep":1,"minecraft:pig":4},"minecraft:mined":{"minecraft:grass_block":3,"minecraft:dirt":9,"minecraft:birch_log":8,"minecraft:stone":19,"minecraft:birch_leaves":2,"minecraft:crafting_table":1},"minecraft:custom":{"minecraft:time_since_rest":6863,"minecraft:sprint_one_cm":12701,"minecraft:play_time":6863,"minecraft:damage_taken":30,"minecraft:walk_one_cm":15568,"minecraft:sneak_time":3,"minecraft:mob_kills":5,"minecraft:jump":121,"minecraft:damage_dealt":480,"minecraft:leave_game":1,"minecraft:time_since_death":6863,"minecraft:total_world_time":6863,"minecraft:interact_with_crafting_table":3,"minecraft:fall_one_cm":4076,"minecraft:fly_one_cm":19764},"minecraft:picked_up":{"minecraft:birch_log":8,"minecraft:stick":1,"minecraft:crafting_table":1,"minecraft:porkchop":5,"minecraft:mutton":2,"minecraft:white_wool":1,"minecraft:dirt":12,"minecraft:cobblestone":19},"minecraft:crafted":{"minecraft:stone_sword":1,"minecraft:furnace":1,"minecraft:birch_planks":32,"minecraft:stone_axe":1,"minecraft:crafting_table":1,"minecraft:stick":8,"minecraft:stone_pickaxe":1,"minecraft:wooden_pickaxe":1}},"DataVersion":3953}