{"stats":{"minecraft:used":{"minecraft:stone_sword":22,"minecraft:stone_pickaxe":9,"minecraft:wooden_pickaxe":19,"minecraft:stone_axe":23,"minecraft:dirt":4,"minecraft:cobblestone":5,"minecraft:crafting_table":1,"minecraft:furnace":1,"minecraft:cooked_porkchop":3},"minecraft:killed":{"minecraft:sheep":4,"minecraft:pig":6,"minecraft:iron_golem":1,"minecraft:villager":1,"minecraft:cow":6},"minecraft:custom":{"minecraft:time_since_rest":2084,"minecraft:interact_with_furnace":2,"minecraft:sprint_one_cm":58509,"minecraft:damage_taken":70,"minecraft:walk_one_cm":54589,"minecraft:mob_kills":18,"minecraft:damage_dealt":2720,"minecraft:talked_to_villager":1,"minecraft:interact_with_crafting_table":3,"minecraft:fly_one_cm":86498,"minecraft:open_chest":1,"minecraft:crouch_one_cm":40,"minecraft:play_time":18863,"minecraft:sneak_time":12,"minecraft:jump":502,"minecraft:leave_game":1,"minecraft:walk_on_water_one_cm":148,"minecraft:time_since_death":18863,"minecraft:sleep_in_bed":1,"minecraft:total_world_time":18863,"minecraft:fall_one_cm":14124},"minecraft:mined":{"minecraft:smithing_table":1,"minecraft:white_bed":1,"minecraft:furnace":1,"minecraft:birch_log":8,"minecraft:birch_leaves":2,"minecraft:yellow_bed":1,"minecraft:crafting_table":1,"minecraft:grass_block":4,"minecraft:coal_ore":3,"minecraft:dirt":9,"minecraft:cobblestone":5,"minecraft:stone":19},"minecraft:picked_up":{"minecraft:birch_log":8,"minecraft:stick":1,"minecraft:crafting_table":1,"minecraft:leather":9,"minecraft:smithing_table":1,"minecraft:porkchop":10,"minecraft:yellow_bed":1,"minecraft:white_bed":1,"minecraft:dirt":13,"minecraft:iron_ingot":3,"minecraft:beef":12,"minecraft:mutton":7,"minecraft:coal":5,"minecraft:white_wool":4,"minecraft:cobblestone":24,"minecraft:furnace":1},"minecraft:crafted":{"minecraft:cooked_porkchop":5,"minecraft:crafting_table":1,"minecraft:stick":8,"minecraft:wooden_pickaxe":1,"minecraft:stone_pickaxe":1,"minecraft:stone_sword":1,"minecraft:furnace":1,"minecraft:birch_planks":32,"minecraft:stone_axe":1,"minecraft:air":0}},"DataVersion":3953}