{"stats":{"minecraft:killed":{"minecraft:pig":6,"minecraft:iron_golem":3,"minecraft:sheep":6,"minecraft:villager":1,"minecraft:cow":6},"minecraft:used":{"minecraft:stone_sword":38,"minecraft:stone_pickaxe":29,"minecraft:stone_shovel":262,"minecraft:oak_planks":1,"minecraft:spruce_planks":1,"minecraft:wooden_pickaxe":19,"minecraft:white_terracotta":1,"minecraft:dirt":99,"minecraft:crafting_table":3,"minecraft:spruce_log":3,"minecraft:bread":5,"minecraft:gravel":38,"minecraft:barrel":1,"minecraft:stone_axe":77,"minecraft:cobblestone":9,"minecraft:furnace":1,"minecraft:cooked_porkchop":5,"minecraft:smithing_table":1,"minecraft:yellow_bed":7},"minecraft:broken":{"minecraft:stone_shovel":2},"minecraft:custom":{"minecraft:interact_with_furnace":2,"minecraft:mob_kills":22,"minecraft:interact_with_crafting_table":11,"minecraft:leave_game":1,"minecraft:time_since_death":42863,"minecraft:sleep_in_bed":2,"minecraft:time_since_rest":11680,"minecraft:sprint_one_cm":99001,"minecraft:walk_one_cm":183426,"minecraft:damage_taken":473,"minecraft:drop":14,"minecraft:damage_dealt":5121,"minecraft:talked_to_villager":1,"minecraft:fly_one_cm":141834,"minecraft:player_kills":1,"minecraft:open_chest":6,"minecraft:crouch_one_cm":403,"minecraft:play_time":42863,"minecraft:sneak_time":203,"minecraft:jump":922,"minecraft:walk_on_water_one_cm":196,"minecraft:total_world_time":42863,"minecraft:fall_one_cm":24981},"minecraft:mined":{"minecraft:smithing_table":1,"minecraft:spruce_planks":1,"minecraft:white_bed":2,"minecraft:crafting_table":1,"minecraft:short_grass":63,"minecraft:grass_block":100,"minecraft:cobblestone":9,"minecraft:spruce_leaves":13,"minecraft:oak_planks":1,"minecraft:white_terracotta":1,"minecraft:furnace":1,"minecraft:birch_log":9,"minecraft:spruce_log":14,"minecraft:birch_leaves":2,"minecraft:yellow_bed":8,"minecraft:azure_bluet":1,"minecraft:coal_ore":3,"minecraft:dirt_path":1,"minecraft:gravel":42,"minecraft:dirt":183,"minecraft:stone":34,"minecraft:fern":1},"minecraft:picked_up":{"minecraft:birch_log":9,"minecraft:crafting_table":1,"minecraft:wheat":17,"minecraft:azure_bluet":1,"minecraft:leather":9,"minecraft:smithing_table":1,"minecraft:flint":4,"minecraft:yellow_bed":8,"minecraft:dirt":292,"minecraft:wheat_seeds":9,"minecraft:spruce_planks":1,"minecraft:beef":12,"minecraft:iron_ingot":11,"minecraft:poppy":3,"minecraft:rabbit":1,"minecraft:oak_planks":1,"minecraft:furnace":1,"minecraft:stick":1,"minecraft:gravel":38,"minecraft:porkchop":10,"minecraft:spruce_sapling":2,"minecraft:spruce_log":14,"minecraft:white_bed":2,"minecraft:white_terracotta":1,"minecraft:mutton":10,"minecraft:coal":5,"minecraft:white_wool":6,"minecraft:cobblestone":43},"minecraft:dropped":{"minecraft:wheat_seeds":9,"minecraft:wheat":17,"minecraft:azure_bluet":1,"minecraft:white_bed":2,"minecraft:poppy":3,"minecraft:potato":10,"minecraft:rabbit":1},"minecraft:crafted":{"minecraft:stone_shovel":2,"minecraft:barrel":1,"minecraft:cooked_porkchop":5,"minecraft:crafting_table":2,"minecraft:spruce_planks":8,"minecraft:wooden_pickaxe":1,"minecraft:furnace":1,"minecraft:fletching_table":2,"minecraft:birch_planks":36,"minecraft:stone_axe":1,"minecraft:air":0,"minecraft:spruce_slab":6,"minecraft:stick":12,"minecraft:stone_pickaxe":1,"minecraft:stone_sword":1}},"DataVersion":3953}